IP 地址,已发送,已接收,丢包率,平均延迟,下载速度 (MB/s)
162.159.142.48,4,4,0.00,142.28,0.00
172.67.72.29,4,4,0.00,143.75,0.00
104.20.31.185,4,4,0.00,144.56,0.00
172.67.67.223,4,4,0.00,145.07,0.00
172.67.69.196,4,4,0.00,145.67,0.00
172.67.76.151,4,4,0.00,146.85,0.00
172.67.79.199,4,4,0.00,147.17,0.00
104.26.10.138,4,4,0.00,147.53,0.00
104.26.6.210,4,4,0.00,147.64,0.00
104.26.5.55,4,4,0.00,148.08,0.00
162.159.128.253,4,4,0.00,148.45,0.00
104.26.11.232,4,4,0.00,148.59,0.00
104.20.22.118,4,4,0.00,149.70,0.00
104.20.27.28,4,4,0.00,150.04,0.00
104.20.28.172,4,4,0.00,150.69,0.00
162.159.134.0,4,4,0.00,150.91,0.00
104.20.17.52,4,4,0.00,151.84,0.00
162.159.140.232,4,4,0.00,152.45,0.00
162.159.152.180,4,4,0.00,154.46,0.00
104.20.29.208,4,4,0.00,154.48,0.00
104.20.30.55,4,4,0.00,154.50,0.00
104.16.132.247,4,4,0.00,156.24,0.00
162.159.135.116,4,4,0.00,156.59,0.00
104.16.105.246,4,4,0.00,156.98,0.00
104.18.142.214,4,4,0.00,157.72,0.00
104.16.72.176,4,4,0.00,158.10,0.00
104.20.16.71,4,4,0.00,161.37,0.00
172.67.68.83,4,4,0.00,164.04,0.00
104.16.113.59,4,4,0.00,164.14,0.00
104.16.57.144,4,4,0.00,164.64,0.00
104.19.221.14,4,4,0.00,165.14,0.00
104.16.98.96,4,4,0.00,165.31,0.00
104.17.120.22,4,4,0.00,165.34,0.00
104.16.112.229,4,4,0.00,165.66,0.00
172.67.74.101,4,4,0.00,165.86,0.00
104.16.55.132,4,4,0.00,166.78,0.00
104.16.130.35,4,4,0.00,167.01,0.00
104.16.184.245,4,4,0.00,167.28,0.00
104.16.99.106,4,4,0.00,167.58,0.00
104.16.51.221,4,4,0.00,167.71,0.00
104.19.234.69,4,4,0.00,168.45,0.00
104.21.233.170,4,4,0.00,168.49,0.00
104.17.93.215,4,4,0.00,169.05,0.00
104.19.216.228,4,4,0.00,169.13,0.00
104.18.78.210,4,4,0.00,169.32,0.00
104.19.236.22,4,4,0.00,169.75,0.00
104.16.47.234,4,4,0.00,170.83,0.00
104.19.218.6,4,4,0.00,170.87,0.00
104.17.97.195,4,4,0.00,171.19,0.00
104.19.171.240,4,4,0.00,171.21,0.00
104.18.223.29,4,4,0.00,171.31,0.00
104.18.84.170,4,4,0.00,171.99,0.00
104.16.80.155,4,4,0.00,172.74,0.00
104.16.39.100,4,4,0.00,173.13,0.00
104.16.175.92,4,4,0.00,173.37,0.00
104.16.213.206,4,4,0.00,173.52,0.00
104.16.152.197,4,4,0.00,173.53,0.00
104.16.140.48,4,4,0.00,173.72,0.00
104.18.81.93,4,4,0.00,173.91,0.00
104.16.28.234,4,4,0.00,174.07,0.00
104.16.229.154,4,4,0.00,174.21,0.00
104.18.72.79,4,4,0.00,174.30,0.00
104.21.231.109,4,4,0.00,175.04,0.00
104.16.23.199,4,4,0.00,175.10,0.00
104.18.164.4,4,4,0.00,175.25,0.00
104.18.229.96,4,4,0.00,175.31,0.00
104.16.124.13,4,4,0.00,175.39,0.00
104.16.217.194,4,4,0.00,175.65,0.00
104.18.192.51,4,4,0.00,175.87,0.00
104.16.68.138,4,4,0.00,176.02,0.00
104.18.183.140,4,4,0.00,176.20,0.00
104.16.208.8,4,4,0.00,176.25,0.00
104.19.211.212,4,4,0.00,176.57,0.00
104.16.110.7,4,4,0.00,176.77,0.00
104.17.40.2,4,4,0.00,176.89,0.00
104.16.214.23,4,4,0.00,177.16,0.00
104.16.40.155,4,4,0.00,177.22,0.00
104.21.238.118,4,4,0.00,177.56,0.00
104.17.253.115,4,4,0.00,177.80,0.00
104.19.145.33,4,4,0.00,177.83,0.00
104.21.236.9,4,4,0.00,177.83,0.00
104.18.136.207,4,4,0.00,178.07,0.00
104.17.132.181,4,4,0.00,178.21,0.00
104.16.250.17,4,4,0.00,178.27,0.00
104.19.224.173,4,4,0.00,178.38,0.00
104.16.79.228,4,4,0.00,178.45,0.00
104.16.233.132,4,4,0.00,179.11,0.00
104.19.241.20,4,4,0.00,180.40,0.00
104.18.71.47,4,4,0.00,180.49,0.00
104.17.101.213,4,4,0.00,180.61,0.00
104.17.41.233,4,4,0.00,180.82,0.00
104.16.223.182,4,4,0.00,181.12,0.00
104.16.230.232,4,4,0.00,181.13,0.00
104.16.120.13,4,4,0.00,181.49,0.00
104.17.227.139,4,4,0.00,181.59,0.00
104.16.12.207,4,4,0.00,181.84,0.00
104.17.113.107,4,4,0.00,182.13,0.00
104.17.115.106,4,4,0.00,182.13,0.00
104.16.220.91,4,4,0.00,182.45,0.00
104.16.115.169,4,4,0.00,182.65,0.00
104.16.86.160,4,4,0.00,182.68,0.00
104.16.33.1,4,4,0.00,182.72,0.00
104.16.189.72,4,4,0.00,182.79,0.00
104.17.15.225,4,4,0.00,182.82,0.00
104.17.13.50,4,4,0.00,182.95,0.00
104.16.9.28,4,4,0.00,183.23,0.00
104.17.140.32,4,4,0.00,183.39,0.00
104.17.5.227,4,4,0.00,183.43,0.00
104.16.134.154,4,4,0.00,183.44,0.00
104.19.167.79,4,4,0.00,183.54,0.00
104.18.206.98,4,4,0.00,183.62,0.00
104.17.96.225,4,4,0.00,183.84,0.00
104.25.76.15,4,4,0.00,183.94,0.00
104.18.213.144,4,4,0.00,183.96,0.00
104.25.10.199,4,4,0.00,184.16,0.00
104.18.150.68,4,4,0.00,184.24,0.00
104.17.144.25,4,4,0.00,184.27,0.00
104.16.242.6,4,4,0.00,184.34,0.00
104.17.109.149,4,4,0.00,184.35,0.00
104.16.133.85,4,4,0.00,184.36,0.00
104.16.150.50,4,4,0.00,184.50,0.00
190.93.246.245,4,4,0.00,184.84,0.00
104.16.194.158,4,4,0.00,185.12,0.00
198.41.208.192,4,4,0.00,185.14,0.00
104.16.102.122,4,4,0.00,185.17,0.00
104.17.35.216,4,4,0.00,185.21,0.00
104.17.9.22,4,4,0.00,185.25,0.00
104.25.88.184,4,4,0.00,185.35,0.00
104.16.255.60,4,4,0.00,185.39,0.00
104.17.239.108,4,4,0.00,185.53,0.00
104.22.41.155,4,4,0.00,185.75,0.00
104.19.176.1,4,4,0.00,186.04,0.00
104.18.215.174,4,4,0.00,186.18,0.00
104.18.108.220,4,4,0.00,186.20,0.00
104.17.78.246,4,4,0.00,186.25,0.00
104.16.180.114,4,4,0.00,186.56,0.00
104.17.31.232,4,4,0.00,186.74,0.00
104.18.154.205,4,4,0.00,186.80,0.00
104.16.201.156,4,4,0.00,186.89,0.00
104.18.212.220,4,4,0.00,186.96,0.00
188.114.96.220,4,4,0.00,187.07,0.00
104.16.84.204,4,4,0.00,187.11,0.00
104.19.179.198,4,4,0.00,187.16,0.00
104.17.128.61,4,4,0.00,187.58,0.00
104.18.203.57,4,4,0.00,187.61,0.00
104.25.110.200,4,4,0.00,187.69,0.00
104.18.169.112,4,4,0.00,187.75,0.00
104.17.177.196,4,4,0.00,187.85,0.00
104.20.130.49,4,4,0.00,187.87,0.00
104.19.146.122,4,4,0.00,187.89,0.00
104.24.15.8,4,4,0.00,187.93,0.00
104.24.8.114,4,4,0.00,188.09,0.00
104.21.113.82,4,4,0.00,188.17,0.00
104.24.136.36,4,4,0.00,188.20,0.00
104.16.207.218,4,4,0.00,188.45,0.00
104.17.190.227,4,4,0.00,188.60,0.00
104.25.135.225,4,4,0.00,188.64,0.00
104.17.76.35,4,4,0.00,188.76,0.00
172.67.109.148,4,4,0.00,188.91,0.00
104.17.56.193,4,4,0.00,189.01,0.00
104.20.243.228,4,4,0.00,189.03,0.00
104.16.78.191,4,4,0.00,189.03,0.00
104.16.38.235,4,4,0.00,189.17,0.00
104.25.40.59,4,4,0.00,189.21,0.00
172.67.124.116,4,4,0.00,189.32,0.00
104.18.146.65,4,4,0.00,189.37,0.00
104.16.168.84,4,4,0.00,189.43,0.00
104.16.69.169,4,4,0.00,189.46,0.00
104.16.61.63,4,4,0.00,189.46,0.00
104.22.58.83,4,4,0.00,189.48,0.00
104.24.85.70,4,4,0.00,189.50,0.00
104.18.118.29,4,4,0.00,189.53,0.00
104.25.60.47,4,4,0.00,189.56,0.00
104.17.233.104,4,4,0.00,189.61,0.00
104.18.201.56,4,4,0.00,189.63,0.00
104.18.66.65,4,4,0.00,189.97,0.00
104.25.171.185,4,4,0.00,190.03,0.00
104.16.111.136,4,4,0.00,190.14,0.00
104.16.24.174,4,4,0.00,190.27,0.00
104.25.252.134,4,4,0.00,190.27,0.00
104.16.156.4,4,4,0.00,190.43,0.00
104.16.41.55,4,4,0.00,190.51,0.00
104.17.157.8,4,4,0.00,190.55,0.00
104.17.90.241,4,4,0.00,190.57,0.00
104.18.209.1,4,4,0.00,190.85,0.00
104.16.234.28,4,4,0.00,190.89,0.00
104.17.222.60,4,4,0.00,190.93,0.00
104.22.23.40,4,4,0.00,190.94,0.00
104.24.66.66,4,4,0.00,190.99,0.00
104.16.188.138,4,4,0.00,190.99,0.00
104.19.238.182,4,4,0.00,191.03,0.00
104.17.189.216,4,4,0.00,191.22,0.00
104.18.101.72,4,4,0.00,191.38,0.00
104.17.195.226,4,4,0.00,191.47,0.00
104.17.211.108,4,4,0.00,191.54,0.00
104.24.216.4,4,4,0.00,191.89,0.00
104.25.173.174,4,4,0.00,191.95,0.00
104.18.220.218,4,4,0.00,191.97,0.00
104.17.186.119,4,4,0.00,191.99,0.00
104.19.183.243,4,4,0.00,192.11,0.00
104.16.18.153,4,4,0.00,192.12,0.00
104.18.161.53,4,4,0.00,192.19,0.00
104.18.216.48,4,4,0.00,192.24,0.00
104.16.166.82,4,4,0.00,192.30,0.00
104.16.154.106,4,4,0.00,192.36,0.00
104.18.12.108,4,4,0.00,192.41,0.00
104.25.33.134,4,4,0.00,192.41,0.00
104.25.204.90,4,4,0.00,192.46,0.00
104.18.113.250,4,4,0.00,192.47,0.00
104.25.78.33,4,4,0.00,192.57,0.00
104.25.136.134,4,4,0.00,192.62,0.00
104.20.200.220,4,4,0.00,192.67,0.00
104.17.172.39,4,4,0.00,192.83,0.00
104.25.236.105,4,4,0.00,192.87,0.00
104.16.35.214,4,4,0.00,192.93,0.00
104.18.254.79,4,4,0.00,192.99,0.00
104.18.132.131,4,4,0.00,193.06,0.00
104.22.0.81,4,4,0.00,193.10,0.00
104.25.241.245,4,4,0.00,193.13,0.00
104.17.138.161,4,4,0.00,193.13,0.00
104.16.125.190,4,4,0.00,193.20,0.00
104.25.126.10,4,4,0.00,193.21,0.00
104.26.14.99,4,4,0.00,193.21,0.00
104.25.162.251,4,4,0.00,193.25,0.00
190.93.247.33,4,4,0.00,193.25,0.00
104.16.241.156,4,4,0.00,193.26,0.00
104.16.148.24,4,4,0.00,193.32,0.00
104.17.16.205,4,4,0.00,193.32,0.00
104.16.202.115,4,4,0.00,193.32,0.00
104.17.165.202,4,4,0.00,193.43,0.00
104.25.125.83,4,4,0.00,193.52,0.00
104.21.224.30,4,4,0.00,193.55,0.00
104.16.107.172,4,4,0.00,193.70,0.00
104.16.19.228,4,4,0.00,193.87,0.00
104.17.116.37,4,4,0.00,193.88,0.00
104.17.223.75,4,4,0.00,193.97,0.00
104.19.190.94,4,4,0.00,194.01,0.00
104.16.183.83,4,4,0.00,194.05,0.00
104.17.230.68,4,4,0.00,194.12,0.00
104.25.96.233,4,4,0.00,194.20,0.00
104.18.207.74,4,4,0.00,194.24,0.00
104.17.225.70,4,4,0.00,194.34,0.00
104.25.94.79,4,4,0.00,194.37,0.00
104.16.159.67,4,4,0.00,194.40,0.00
104.24.30.49,4,4,0.00,194.43,0.00
104.16.145.232,4,4,0.00,194.44,0.00
104.16.63.192,4,4,0.00,194.52,0.00
104.18.184.204,4,4,0.00,194.54,0.00
104.25.109.191,4,4,0.00,194.65,0.00
104.20.203.36,4,4,0.00,194.68,0.00
172.67.104.96,4,4,0.00,194.68,0.00
172.67.103.196,4,4,0.00,194.74,0.00
104.16.225.106,4,4,0.00,194.75,0.00
104.18.141.127,4,4,0.00,194.77,0.00
172.67.123.223,4,4,0.00,194.78,0.00
104.16.173.240,4,4,0.00,194.81,0.00
104.18.144.59,4,4,0.00,194.99,0.00
104.16.7.218,4,4,0.00,195.03,0.00
104.20.184.94,4,4,0.00,195.14,0.00
104.17.217.97,4,4,0.00,195.38,0.00
104.16.16.120,4,4,0.00,195.47,0.00
104.16.158.104,4,4,0.00,195.62,0.00
104.18.162.198,4,4,0.00,195.65,0.00
104.24.237.37,4,4,0.00,195.67,0.00
104.24.147.196,4,4,0.00,195.67,0.00
104.25.143.250,4,4,0.00,195.72,0.00
104.25.178.107,4,4,0.00,195.80,0.00
104.19.80.102,4,4,0.00,195.88,0.00
104.21.225.160,4,4,0.00,195.88,0.00
104.16.87.46,4,4,0.00,195.97,0.00
104.24.31.64,4,4,0.00,196.01,0.00
104.18.175.155,4,4,0.00,196.03,0.00
104.18.188.97,4,4,0.00,196.04,0.00
104.25.199.153,4,4,0.00,196.09,0.00
104.25.157.200,4,4,0.00,196.11,0.00
104.20.87.92,4,4,0.00,196.14,0.00
104.24.249.117,4,4,0.00,196.21,0.00
104.16.4.246,4,4,0.00,196.21,0.00
104.16.236.67,4,4,0.00,196.22,0.00
104.16.190.206,4,4,0.00,196.25,0.00
104.19.182.91,4,4,0.00,196.37,0.00
104.18.234.226,4,4,0.00,196.50,0.00
104.16.26.228,4,4,0.00,196.57,0.00
104.18.233.28,4,4,0.00,196.57,0.00
104.17.228.36,4,4,0.00,196.61,0.00
104.24.248.118,4,4,0.00,196.61,0.00
104.17.1.250,4,4,0.00,196.62,0.00
104.17.46.246,4,4,0.00,196.63,0.00
104.17.220.181,4,4,0.00,196.64,0.00
104.24.4.60,4,4,0.00,196.67,0.00
104.17.2.38,4,4,0.00,196.67,0.00
104.22.64.196,4,4,0.00,196.73,0.00
104.22.56.83,4,4,0.00,196.75,0.00
104.16.122.134,4,4,0.00,196.84,0.00
104.17.24.172,4,4,0.00,196.85,0.00
172.67.21.68,4,4,0.00,196.90,0.00
104.16.77.68,4,4,0.00,197.04,0.00
104.16.161.121,4,4,0.00,197.06,0.00
104.16.29.11,4,4,0.00,197.07,0.00
104.19.237.81,4,4,0.00,197.11,0.00
104.18.165.58,4,4,0.00,197.12,0.00
104.16.251.193,4,4,0.00,197.21,0.00
104.16.136.156,4,4,0.00,197.24,0.00
104.25.118.247,4,4,0.00,197.35,0.00
104.16.93.114,4,4,0.00,197.42,0.00
172.67.161.201,4,4,0.00,197.42,0.00
104.24.142.12,4,4,0.00,197.42,0.00
104.18.46.44,4,4,0.00,197.46,0.00
104.17.202.125,4,4,0.00,197.48,0.00
104.18.187.51,4,4,0.00,197.60,0.00
104.16.34.37,4,4,0.00,197.63,0.00
104.25.77.183,4,4,0.00,197.67,0.00
104.19.164.166,4,4,0.00,197.69,0.00
104.18.87.203,4,4,0.00,197.71,0.00
104.18.133.144,4,4,0.00,197.73,0.00
104.16.164.23,4,4,0.00,197.74,0.00
104.18.134.171,4,4,0.00,197.77,0.00
104.16.171.204,4,4,0.00,197.78,0.00
104.20.116.235,4,4,0.00,197.78,0.00
104.17.180.166,4,4,0.00,197.82,0.00
104.25.41.218,4,4,0.00,197.83,0.00
104.17.151.94,4,4,0.00,197.86,0.00
104.20.74.246,4,4,0.00,197.90,0.00
104.24.60.6,4,4,0.00,197.98,0.00
104.20.1.114,4,4,0.00,198.01,0.00
104.21.234.244,4,4,0.00,198.07,0.00
104.22.29.26,4,4,0.00,198.07,0.00
104.17.164.211,4,4,0.00,198.08,0.00
104.20.205.234,4,4,0.00,198.11,0.00
104.20.207.45,4,4,0.00,198.13,0.00
104.19.165.123,4,4,0.00,198.20,0.00
104.17.14.77,4,4,0.00,198.24,0.00
104.16.198.7,4,4,0.00,198.28,0.00
104.16.186.174,4,4,0.00,198.35,0.00
104.16.91.187,4,4,0.00,198.38,0.00
172.67.80.32,4,4,0.00,198.48,0.00
104.20.139.210,4,4,0.00,198.52,0.00
104.16.45.51,4,4,0.00,198.62,0.00
104.16.104.188,4,4,0.00,198.65,0.00
104.25.55.83,4,4,0.00,198.71,0.00
104.19.81.219,4,4,0.00,198.77,0.00
104.24.156.73,4,4,0.00,198.80,0.00
104.18.148.118,4,4,0.00,198.83,0.00
104.18.214.71,4,4,0.00,198.93,0.00
104.16.108.192,4,4,0.00,198.95,0.00
104.18.204.159,4,4,0.00,198.96,0.00
104.18.235.83,4,4,0.00,198.96,0.00
104.25.53.158,4,4,0.00,198.97,0.00
172.67.44.127,4,4,0.00,199.01,0.00
104.24.167.26,4,4,0.00,199.04,0.00
104.24.56.106,4,4,0.00,199.05,0.00
104.16.177.122,4,4,0.00,199.06,0.00
104.16.54.169,4,4,0.00,199.08,0.00
104.25.7.116,4,4,0.00,199.10,0.00
104.24.76.213,4,4,0.00,199.13,0.00
104.16.95.57,4,4,0.00,199.16,0.00
104.16.50.178,4,4,0.00,199.20,0.00
104.20.128.0,4,4,0.00,199.25,0.00
104.24.139.153,4,4,0.00,199.29,0.00
104.19.72.228,4,4,0.00,199.31,0.00
104.21.227.82,4,4,0.00,199.38,0.00
104.18.19.10,4,4,0.00,199.41,0.00
104.20.60.30,4,4,0.00,199.46,0.00
104.27.103.154,4,4,0.00,199.50,0.00
104.24.153.180,4,4,0.00,199.55,0.00
104.17.34.33,4,4,0.00,199.66,0.00
104.19.162.89,4,4,0.00,199.68,0.00
104.24.251.182,4,4,0.00,199.71,0.00
104.25.223.167,4,4,0.00,199.71,0.00
104.19.34.217,4,4,0.00,199.74,0.00
104.18.65.51,4,4,0.00,199.76,0.00
104.16.62.169,4,4,0.00,199.79,0.00
104.16.118.6,4,4,0.00,199.85,0.00
104.17.33.171,4,4,0.00,199.93,0.00
104.18.91.173,4,4,0.00,199.97,0.00
104.25.70.189,4,4,0.00,200.03,0.00
104.24.152.186,4,4,0.00,200.03,0.00
104.24.255.186,4,4,0.00,200.03,0.00
104.24.87.187,4,4,0.00,200.04,0.00
104.18.181.243,4,4,0.00,200.09,0.00
104.25.191.121,4,4,0.00,200.10,0.00
104.16.83.152,4,4,0.00,200.12,0.00
104.16.239.52,4,4,0.00,200.12,0.00
104.16.49.4,4,4,0.00,200.13,0.00
104.16.73.243,4,4,0.00,200.24,0.00
104.16.81.173,4,4,0.00,200.29,0.00
104.18.8.82,4,4,0.00,200.31,0.00
104.19.95.154,4,4,0.00,200.36,0.00
104.18.11.151,4,4,0.00,200.41,0.00
104.25.165.19,4,4,0.00,200.48,0.00
104.16.71.196,4,4,0.00,200.60,0.00
104.24.14.12,4,4,0.00,200.65,0.00
104.20.171.142,4,4,0.00,200.66,0.00
104.20.118.37,4,4,0.00,200.69,0.00
104.18.122.84,4,4,0.00,200.71,0.00
172.67.4.178,4,4,0.00,200.73,0.00
190.93.244.249,4,4,0.00,200.80,0.00
172.67.108.76,4,4,0.00,200.82,0.00
104.16.162.12,4,4,0.00,200.87,0.00
104.24.65.0,4,4,0.00,200.88,0.00
104.23.123.112,4,4,0.00,200.95,0.00
104.17.174.57,4,4,0.00,200.99,0.00
104.22.44.132,4,4,0.00,201.01,0.00
104.18.157.74,4,4,0.00,201.02,0.00
104.19.205.181,4,4,0.00,201.04,0.00
104.20.15.145,4,4,0.00,201.04,0.00
104.17.70.4,4,4,0.00,201.06,0.00
104.19.103.41,4,4,0.00,201.06,0.00
104.23.119.8,4,4,0.00,201.08,0.00
104.25.42.246,4,4,0.00,201.12,0.00
104.19.5.100,4,4,0.00,201.13,0.00
104.25.214.217,4,4,0.00,201.28,0.00
104.24.46.15,4,4,0.00,201.29,0.00
104.18.90.180,4,4,0.00,201.43,0.00
104.16.30.214,4,4,0.00,201.48,0.00
104.16.127.97,4,4,0.00,201.52,0.00
104.25.207.135,4,4,0.00,201.53,0.00
104.25.188.181,4,4,0.00,201.53,0.00
104.16.131.76,4,4,0.00,201.55,0.00
104.17.48.165,4,4,0.00,201.63,0.00
104.24.3.148,4,4,0.00,201.67,0.00
104.19.102.36,4,4,0.00,201.67,0.00
104.16.101.192,4,4,0.00,201.70,0.00
104.25.155.132,4,4,0.00,201.72,0.00
104.20.124.22,4,4,0.00,201.74,0.00
104.19.15.138,4,4,0.00,201.76,0.00
104.20.166.153,4,4,0.00,201.77,0.00
104.18.86.242,4,4,0.00,201.78,0.00
104.17.200.1,4,4,0.00,201.81,0.00
104.25.202.175,4,4,0.00,201.88,0.00
104.16.178.209,4,4,0.00,201.91,0.00
141.101.114.161,4,4,0.00,201.93,0.00
104.16.224.195,4,4,0.00,201.97,0.00
104.17.45.156,4,4,0.00,201.98,0.00
104.25.215.148,4,4,0.00,202.01,0.00
104.16.1.22,4,4,0.00,202.20,0.00
104.16.199.26,4,4,0.00,202.20,0.00
104.23.110.21,4,4,0.00,202.23,0.00
104.27.96.192,4,4,0.00,202.32,0.00
104.17.255.254,4,4,0.00,202.36,0.00
104.16.195.126,4,4,0.00,202.37,0.00
172.66.213.169,4,4,0.00,202.39,0.00
104.16.146.95,4,4,0.00,202.40,0.00
104.18.93.77,4,4,0.00,202.41,0.00
104.16.129.250,4,4,0.00,202.44,0.00
104.17.89.160,4,4,0.00,202.45,0.00
104.25.190.2,4,4,0.00,202.47,0.00
104.16.0.9,4,4,0.00,202.47,0.00
104.20.217.24,4,4,0.00,202.48,0.00
104.24.5.26,4,4,0.00,202.49,0.00
104.25.209.45,4,4,0.00,202.59,0.00
104.17.50.230,4,4,0.00,202.64,0.00
104.19.254.215,4,4,0.00,202.73,0.00
104.24.40.18,4,4,0.00,202.87,0.00
104.24.49.129,4,4,0.00,202.88,0.00
172.67.86.250,4,4,0.00,202.89,0.00
104.19.170.106,4,4,0.00,202.94,0.00
104.16.172.170,4,4,0.00,202.96,0.00
172.67.58.248,4,4,0.00,202.97,0.00
104.17.95.145,4,4,0.00,202.98,0.00
104.25.35.249,4,4,0.00,202.99,0.00
104.18.186.122,4,4,0.00,202.99,0.00
104.16.85.10,4,4,0.00,203.06,0.00
104.16.109.229,4,4,0.00,203.11,0.00
104.18.40.108,4,4,0.00,203.12,0.00
104.18.227.1,4,4,0.00,203.16,0.00
162.159.27.208,4,4,0.00,203.18,0.00
104.24.68.123,4,4,0.00,203.24,0.00
104.27.101.23,4,4,0.00,203.25,0.00
104.24.35.105,4,4,0.00,203.26,0.00
104.25.28.246,4,4,0.00,203.27,0.00
104.19.173.116,4,4,0.00,203.31,0.00
104.17.32.179,4,4,0.00,203.33,0.00
104.23.126.44,4,4,0.00,203.38,0.00
104.18.41.14,4,4,0.00,203.39,0.00
104.17.43.235,4,4,0.00,203.44,0.00
104.18.251.231,4,4,0.00,203.46,0.00
172.66.135.13,4,4,0.00,203.51,0.00
104.18.179.10,4,4,0.00,203.53,0.00
162.159.36.212,4,4,0.00,203.59,0.00
104.18.79.232,4,4,0.00,203.65,0.00
104.20.172.234,4,4,0.00,203.70,0.00
104.19.144.206,4,4,0.00,203.71,0.00
104.16.21.60,4,4,0.00,203.74,0.00
104.27.77.112,4,4,0.00,203.77,0.00
104.18.96.242,4,4,0.00,203.78,0.00
172.67.2.81,4,4,0.00,203.86,0.00
104.19.52.171,4,4,0.00,203.87,0.00
104.25.200.46,4,4,0.00,203.87,0.00
188.114.97.120,4,4,0.00,203.87,0.00
104.22.19.18,4,4,0.00,203.90,0.00
104.17.187.57,4,4,0.00,203.91,0.00
104.19.231.186,4,4,0.00,204.00,0.00
104.17.10.196,4,4,0.00,204.00,0.00
104.16.128.217,4,4,0.00,204.02,0.00
104.20.39.72,4,4,0.00,204.05,0.00
104.17.176.193,4,4,0.00,204.09,0.00
104.25.182.91,4,4,0.00,204.10,0.00
104.19.175.156,4,4,0.00,204.15,0.00
104.19.160.169,4,4,0.00,204.17,0.00
104.25.163.150,4,4,0.00,204.18,0.00
104.24.67.51,4,4,0.00,204.19,0.00
104.16.167.74,4,4,0.00,204.22,0.00
104.19.110.174,4,4,0.00,204.23,0.00
104.24.190.53,4,4,0.00,204.24,0.00
104.18.10.228,4,4,0.00,204.25,0.00
104.17.12.188,4,4,0.00,204.26,0.00
104.16.116.75,4,4,0.00,204.28,0.00
104.18.119.223,4,4,0.00,204.28,0.00
104.24.187.236,4,4,0.00,204.31,0.00
104.16.141.55,4,4,0.00,204.32,0.00
104.16.227.162,4,4,0.00,204.42,0.00
104.18.95.128,4,4,0.00,204.42,0.00
104.25.9.163,4,4,0.00,204.43,0.00
104.16.60.20,4,4,0.00,204.51,0.00
104.20.236.18,4,4,0.00,204.66,0.00
104.19.150.202,4,4,0.00,204.70,0.00
172.67.114.185,4,4,0.00,204.71,0.00
104.17.209.107,4,4,0.00,204.72,0.00
104.27.78.193,4,4,0.00,204.80,0.00
104.21.239.84,4,4,0.00,204.85,0.00
104.20.65.31,4,4,0.00,204.87,0.00
104.16.237.51,4,4,0.00,204.88,0.00
104.18.9.25,4,4,0.00,204.89,0.00
172.67.111.46,4,4,0.00,204.90,0.00
104.17.106.62,4,4,0.00,204.93,0.00
104.17.232.20,4,4,0.00,204.94,0.00
104.18.156.252,4,4,0.00,204.95,0.00
104.17.248.182,4,4,0.00,204.95,0.00
104.16.58.91,4,4,0.00,205.03,0.00
104.24.168.91,4,4,0.00,205.03,0.00
104.17.81.35,4,4,0.00,205.04,0.00
172.67.120.59,4,4,0.00,205.07,0.00
104.23.99.135,4,4,0.00,205.10,0.00
104.17.182.157,4,4,0.00,205.11,0.00
104.16.11.54,4,4,0.00,205.11,0.00
162.159.13.32,4,4,0.00,205.13,0.00
172.67.40.166,4,4,0.00,205.14,0.00
104.16.3.137,4,4,0.00,205.14,0.00
104.25.221.251,4,4,0.00,205.17,0.00
104.25.253.205,4,4,0.00,205.21,0.00
104.19.157.124,4,4,0.00,205.24,0.00
104.20.51.158,4,4,0.00,205.27,0.00
104.17.0.72,4,4,0.00,205.33,0.00
104.18.114.41,4,4,0.00,205.34,0.00
104.24.247.240,4,4,0.00,205.37,0.00
104.17.27.93,4,4,0.00,205.38,0.00
104.19.76.142,4,4,0.00,205.39,0.00
104.22.35.92,4,4,0.00,205.39,0.00
104.20.7.46,4,4,0.00,205.42,0.00
104.24.225.234,4,4,0.00,205.43,0.00
104.17.249.202,4,4,0.00,205.46,0.00
104.19.188.91,4,4,0.00,205.47,0.00
104.23.113.72,4,4,0.00,205.50,0.00
104.18.129.39,4,4,0.00,205.54,0.00
104.16.88.236,4,4,0.00,205.58,0.00
104.19.215.245,4,4,0.00,205.59,0.00
104.20.12.70,4,4,0.00,205.66,0.00
162.159.207.35,4,4,0.00,205.70,0.00
104.16.15.55,4,4,0.00,205.71,0.00
104.19.1.49,4,4,0.00,205.71,0.00
104.19.87.176,4,4,0.00,205.78,0.00
104.22.66.144,4,4,0.00,205.88,0.00
104.24.175.60,4,4,0.00,205.98,0.00
104.16.32.249,4,4,0.00,206.01,0.00
104.24.185.218,4,4,0.00,206.01,0.00
104.18.128.57,4,4,0.00,206.04,0.00
104.19.184.72,4,4,0.00,206.05,0.00
104.17.23.170,4,4,0.00,206.05,0.00
104.23.115.109,4,4,0.00,206.12,0.00
104.20.45.163,4,4,0.00,206.15,0.00
104.16.144.63,4,4,0.00,206.19,0.00
104.22.13.54,4,4,0.00,206.23,0.00
172.67.88.33,4,4,0.00,206.23,0.00
104.17.198.160,4,4,0.00,206.36,0.00
104.16.193.237,4,4,0.00,206.40,0.00
104.25.183.220,4,4,0.00,206.43,0.00
104.25.208.189,4,4,0.00,206.47,0.00
104.18.131.26,4,4,0.00,206.57,0.00
104.16.247.242,4,4,0.00,206.58,0.00
104.19.185.69,4,4,0.00,206.61,0.00
104.18.173.203,4,4,0.00,206.62,0.00
172.67.100.29,4,4,0.00,206.67,0.00
104.16.119.199,4,4,0.00,206.69,0.00
104.20.216.6,4,4,0.00,206.73,0.00
104.20.32.52,4,4,0.00,206.81,0.00
104.17.79.93,4,4,0.00,206.84,0.00
104.22.40.102,4,4,0.00,206.93,0.00
104.18.199.91,4,4,0.00,206.94,0.00
104.19.23.31,4,4,0.00,206.97,0.00
104.19.109.111,4,4,0.00,206.98,0.00
172.67.98.163,4,4,0.00,207.02,0.00
104.21.86.123,4,4,0.00,207.02,0.00
104.19.114.221,4,4,0.00,207.08,0.00
104.22.12.56,4,4,0.00,207.10,0.00
104.25.113.25,4,4,0.00,207.11,0.00
104.17.191.172,4,4,0.00,207.12,0.00
104.16.59.122,4,4,0.00,207.14,0.00
104.18.112.79,4,4,0.00,207.18,0.00
104.24.163.75,4,4,0.00,207.24,0.00
172.67.89.142,4,4,0.00,207.28,0.00
104.25.34.75,4,4,0.00,207.30,0.00
104.16.138.0,4,4,0.00,207.30,0.00
104.24.26.145,4,4,0.00,207.32,0.00
108.162.198.168,4,4,0.00,207.33,0.00
104.20.4.1,4,4,0.00,207.34,0.00
104.18.120.45,4,4,0.00,207.35,0.00
104.24.140.4,4,4,0.00,207.36,0.00
104.20.47.190,4,4,0.00,207.37,0.00
104.22.61.231,4,4,0.00,207.39,0.00
104.19.240.123,4,4,0.00,207.43,0.00
104.17.254.12,4,4,0.00,207.44,0.00
104.19.78.227,4,4,0.00,207.47,0.00
104.16.174.52,4,4,0.00,207.48,0.00
162.159.6.137,4,4,0.00,207.50,0.00
104.19.22.199,4,4,0.00,207.51,0.00
104.16.248.174,4,4,0.00,207.51,0.00
104.18.196.96,4,4,0.00,207.52,0.00
104.24.221.231,4,4,0.00,207.53,0.00
104.24.25.121,4,4,0.00,207.54,0.00
104.20.8.200,4,4,0.00,207.57,0.00
104.18.99.0,4,4,0.00,207.63,0.00
104.22.67.45,4,4,0.00,207.70,0.00
104.20.112.117,4,4,0.00,207.72,0.00
104.20.38.104,4,4,0.00,207.74,0.00
104.25.166.50,4,4,0.00,207.78,0.00
104.18.210.83,4,4,0.00,207.84,0.00
104.16.70.149,4,4,0.00,207.86,0.00
198.41.216.145,4,4,0.00,207.87,0.00
104.24.94.253,4,4,0.00,207.93,0.00
104.17.80.80,4,4,0.00,208.04,0.00
104.18.193.161,4,4,0.00,208.10,0.00
104.24.150.32,4,4,0.00,208.14,0.00
104.17.112.2,4,4,0.00,208.17,0.00
104.19.93.142,4,4,0.00,208.17,0.00
104.25.15.65,4,4,0.00,208.19,0.00
104.20.48.219,4,4,0.00,208.30,0.00
104.17.148.164,4,4,0.00,208.38,0.00
104.18.152.200,4,4,0.00,208.38,0.00
104.24.172.65,4,4,0.00,208.45,0.00
104.25.64.98,4,4,0.00,208.62,0.00
172.64.134.174,4,4,0.00,208.66,0.00
104.17.63.3,4,4,0.00,208.69,0.00
104.16.244.173,4,4,0.00,208.77,0.00
104.25.47.154,4,4,0.00,208.78,0.00
104.19.3.76,4,4,0.00,208.86,0.00
104.19.86.3,4,4,0.00,208.87,0.00
104.23.111.35,4,4,0.00,208.94,0.00
104.16.157.80,4,4,0.00,208.96,0.00
104.22.2.60,4,4,0.00,209.01,0.00
172.67.54.211,4,4,0.00,209.02,0.00
104.19.153.205,4,4,0.00,209.05,0.00
104.20.69.111,4,4,0.00,209.07,0.00
104.20.185.213,4,4,0.00,209.09,0.00
104.16.254.66,4,4,0.00,209.10,0.00
104.19.227.136,4,4,0.00,209.10,0.00
172.67.110.242,4,4,0.00,209.16,0.00
104.19.187.252,4,4,0.00,209.17,0.00
104.19.19.195,4,4,0.00,209.17,0.00
104.22.75.27,4,4,0.00,209.18,0.00
104.19.67.117,4,4,0.00,209.21,0.00
104.18.123.42,4,4,0.00,209.35,0.00
104.20.195.241,4,4,0.00,209.43,0.00
172.67.37.186,4,4,0.00,209.44,0.00
104.19.56.126,4,4,0.00,209.44,0.00
104.19.113.84,4,4,0.00,209.46,0.00
104.22.74.187,4,4,0.00,209.54,0.00
104.20.152.107,4,4,0.00,209.58,0.00
104.22.28.215,4,4,0.00,209.59,0.00
104.25.203.164,4,4,0.00,209.61,0.00
104.24.143.5,4,4,0.00,209.63,0.00
162.159.16.160,4,4,0.00,209.64,0.00
104.20.94.88,4,4,0.00,209.65,0.00
104.18.69.15,4,4,0.00,209.66,0.00
141.101.120.113,4,4,0.00,209.66,0.00
104.16.187.253,4,4,0.00,209.70,0.00
172.67.9.62,4,4,0.00,209.72,0.00
104.19.4.70,4,4,0.00,209.73,0.00
104.17.19.234,4,4,0.00,209.74,0.00
104.27.62.193,4,4,0.00,209.75,0.00
104.20.100.100,4,4,0.00,209.76,0.00
104.19.225.38,4,4,0.00,209.78,0.00
104.16.221.67,4,4,0.00,209.80,0.00
162.159.247.21,4,4,0.00,209.81,0.00
104.20.86.251,4,4,0.00,209.83,0.00
104.18.197.33,4,4,0.00,209.83,0.00
104.18.244.214,4,4,0.00,209.89,0.00
104.20.35.133,4,4,0.00,209.89,0.00
104.16.216.188,4,4,0.00,209.90,0.00
104.25.58.177,4,4,0.00,210.02,0.00
104.16.117.122,4,4,0.00,210.04,0.00
104.20.9.188,4,4,0.00,210.07,0.00
104.22.10.193,4,4,0.00,210.08,0.00
104.19.229.249,4,4,0.00,210.17,0.00
104.20.210.81,4,4,0.00,210.20,0.00
104.20.224.193,4,4,0.00,210.21,0.00
104.19.69.221,4,4,0.00,210.23,0.00
104.20.144.159,4,4,0.00,210.23,0.00
104.18.170.100,4,4,0.00,210.23,0.00
103.21.244.227,4,4,0.00,210.27,0.00
104.20.181.153,4,4,0.00,210.27,0.00
104.16.135.156,4,4,0.00,210.29,0.00
104.19.8.73,4,4,0.00,210.34,0.00
172.67.17.43,4,4,0.00,210.34,0.00
104.17.252.213,4,4,0.00,210.37,0.00
104.17.126.238,4,4,0.00,210.44,0.00
104.17.247.157,4,4,0.00,210.52,0.00
104.20.91.212,4,4,0.00,210.54,0.00
104.19.112.107,4,4,0.00,210.62,0.00
104.16.22.120,4,4,0.00,210.70,0.00
104.18.125.52,4,4,0.00,210.77,0.00
104.20.242.110,4,4,0.00,210.85,0.00
104.17.99.190,4,4,0.00,210.87,0.00
104.18.116.123,4,4,0.00,210.90,0.00
104.23.124.110,4,4,0.00,210.91,0.00
104.18.140.1,4,4,0.00,210.92,0.00
104.24.220.181,4,4,0.00,210.94,0.00
104.20.85.157,4,4,0.00,210.95,0.00
104.17.44.8,4,4,0.00,210.99,0.00
104.17.49.254,4,4,0.00,211.02,0.00
104.19.88.123,4,4,0.00,211.07,0.00
172.67.121.12,4,4,0.00,211.07,0.00
104.27.42.132,4,4,0.00,211.10,0.00
104.19.54.196,4,4,0.00,211.16,0.00
104.17.52.148,4,4,0.00,211.17,0.00
104.22.15.49,4,4,0.00,211.20,0.00
104.25.67.207,4,4,0.00,211.21,0.00
104.25.255.16,4,4,0.00,211.30,0.00
104.24.155.211,4,4,0.00,211.31,0.00
104.20.96.87,4,4,0.00,211.38,0.00
172.67.56.125,4,4,0.00,211.43,0.00
104.19.24.250,4,4,0.00,211.45,0.00
104.20.125.41,4,4,0.00,211.45,0.00
104.25.46.69,4,4,0.00,211.49,0.00
104.17.47.114,4,4,0.00,211.50,0.00
104.18.26.244,4,4,0.00,211.52,0.00
104.24.242.3,4,4,0.00,211.55,0.00
104.16.176.253,4,4,0.00,211.56,0.00
172.67.6.199,4,4,0.00,211.58,0.00
104.17.11.177,4,4,0.00,211.61,0.00
104.19.239.49,4,4,0.00,211.63,0.00
104.20.215.97,4,4,0.00,211.64,0.00
104.23.108.230,4,4,0.00,211.70,0.00
198.41.192.112,4,4,0.00,211.71,0.00
104.24.226.165,4,4,0.00,211.75,0.00
104.16.252.247,4,4,0.00,211.77,0.00
104.19.92.207,4,4,0.00,211.78,0.00
104.25.147.254,4,4,0.00,211.84,0.00
104.16.232.51,4,4,0.00,211.87,0.00
172.67.122.27,4,4,0.00,211.90,0.00
104.24.181.203,4,4,0.00,211.90,0.00
104.19.58.102,4,4,0.00,211.91,0.00
104.17.69.93,4,4,0.00,211.94,0.00
104.17.22.116,4,4,0.00,212.04,0.00
104.25.168.131,4,4,0.00,212.12,0.00
104.18.0.140,4,4,0.00,212.14,0.00
104.24.164.208,4,4,0.00,212.17,0.00
104.25.112.82,4,4,0.00,212.19,0.00
104.17.55.186,4,4,0.00,212.19,0.00
104.27.17.3,4,4,0.00,212.19,0.00
104.20.75.82,4,4,0.00,212.20,0.00
104.17.179.31,4,4,0.00,212.20,0.00
104.19.57.188,4,4,0.00,212.25,0.00
104.19.159.199,4,4,0.00,212.29,0.00
104.19.249.216,4,4,0.00,212.29,0.00
104.20.43.205,4,4,0.00,212.29,0.00
104.20.97.182,4,4,0.00,212.30,0.00
104.19.201.12,4,4,0.00,212.33,0.00
104.17.156.140,4,4,0.00,212.37,0.00
104.18.102.166,4,4,0.00,212.53,0.00
104.19.207.26,4,4,0.00,212.58,0.00
104.16.192.165,4,4,0.00,212.59,0.00
104.19.126.110,4,4,0.00,212.60,0.00
104.19.65.173,4,4,0.00,212.61,0.00
104.20.182.198,4,4,0.00,212.64,0.00
172.67.30.154,4,4,0.00,212.68,0.00
104.20.88.133,4,4,0.00,212.72,0.00
104.20.250.135,4,4,0.00,212.73,0.00
104.20.180.252,4,4,0.00,212.74,0.00
104.19.116.191,4,4,0.00,212.75,0.00
104.20.156.13,4,4,0.00,212.82,0.00
104.18.94.154,4,4,0.00,212.86,0.00
104.16.8.196,4,4,0.00,212.90,0.00
172.67.117.126,4,4,0.00,212.91,0.00
162.159.58.32,4,4,0.00,212.95,0.00
104.22.6.147,4,4,0.00,213.00,0.00
104.19.79.250,4,4,0.00,213.01,0.00
162.159.206.30,4,4,0.00,213.03,0.00
104.18.109.6,4,4,0.00,213.05,0.00
104.24.146.79,4,4,0.00,213.10,0.00
104.20.162.130,4,4,0.00,213.13,0.00
104.19.82.226,4,4,0.00,213.15,0.00
104.19.247.44,4,4,0.00,213.15,0.00
104.27.108.139,4,4,0.00,213.20,0.00
104.18.171.131,4,4,0.00,213.23,0.00
104.20.76.195,4,4,0.00,213.24,0.00
104.19.25.129,4,4,0.00,213.25,0.00
104.25.123.32,4,4,0.00,213.28,0.00
104.19.222.192,4,4,0.00,213.31,0.00
104.20.170.179,4,4,0.00,213.31,0.00
104.18.38.151,4,4,0.00,213.32,0.00
104.24.170.1,4,4,0.00,213.36,0.00
104.19.178.42,4,4,0.00,213.39,0.00
104.23.102.207,4,4,0.00,213.42,0.00
104.22.38.72,4,4,0.00,213.43,0.00
172.66.156.182,4,4,0.00,213.49,0.00
104.19.166.205,4,4,0.00,213.50,0.00
104.22.43.57,4,4,0.00,213.51,0.00
104.18.32.16,4,4,0.00,213.52,0.00
172.67.87.202,4,4,0.00,213.54,0.00
104.18.155.53,4,4,0.00,213.55,0.00
104.25.50.166,4,4,0.00,213.55,0.00
104.17.199.237,4,4,0.00,213.56,0.00
104.24.218.144,4,4,0.00,213.58,0.00
104.20.90.237,4,4,0.00,213.58,0.00
104.20.249.208,4,4,0.00,213.64,0.00
104.22.70.196,4,4,0.00,213.69,0.00
104.18.240.179,4,4,0.00,213.73,0.00
104.19.39.100,4,4,0.00,213.74,0.00
104.20.179.131,4,4,0.00,213.76,0.00
104.18.13.50,4,4,0.00,213.79,0.00
104.18.205.138,4,4,0.00,213.80,0.00
104.17.216.27,4,4,0.00,213.84,0.00
104.16.10.210,4,4,0.00,213.86,0.00
104.16.245.69,4,4,0.00,213.87,0.00
104.25.5.117,4,4,0.00,213.90,0.00
104.24.70.192,4,4,0.00,213.94,0.00
104.24.232.15,4,4,0.00,213.96,0.00
104.19.111.231,4,4,0.00,213.97,0.00
104.19.73.242,4,4,0.00,214.00,0.00
104.19.91.196,4,4,0.00,214.01,0.00
104.25.22.96,4,4,0.00,214.13,0.00
104.23.125.248,4,4,0.00,214.14,0.00
104.17.54.102,4,4,0.00,214.16,0.00
104.25.73.224,4,4,0.00,214.17,0.00
104.24.135.99,4,4,0.00,214.20,0.00
172.67.47.30,4,4,0.00,214.24,0.00
104.17.149.24,4,4,0.00,214.26,0.00
104.18.73.101,4,4,0.00,214.32,0.00
104.18.137.152,4,4,0.00,214.35,0.00
104.24.207.156,4,4,0.00,214.38,0.00
104.17.215.75,4,4,0.00,214.38,0.00
104.17.141.11,4,4,0.00,214.40,0.00
104.24.194.254,4,4,0.00,214.45,0.00
104.21.229.165,4,4,0.00,214.47,0.00
104.16.31.110,4,4,0.00,214.49,0.00
172.64.139.19,4,4,0.00,214.50,0.00
104.25.37.141,4,4,0.00,214.50,0.00
104.17.244.17,4,4,0.00,214.51,0.00
104.25.205.101,4,4,0.00,214.52,0.00
104.16.75.39,4,4,0.00,214.52,0.00
104.25.175.201,4,4,0.00,214.52,0.00
104.24.206.167,4,4,0.00,214.54,0.00
104.19.107.241,4,4,0.00,214.58,0.00
104.19.180.101,4,4,0.00,214.61,0.00
104.19.0.101,4,4,0.00,214.62,0.00
198.41.220.179,4,4,0.00,214.66,0.00
104.25.85.216,4,4,0.00,214.67,0.00
172.67.41.35,4,4,0.00,214.67,0.00
172.67.116.6,4,4,0.00,214.80,0.00
104.19.63.112,4,4,0.00,214.83,0.00
104.18.195.156,4,4,0.00,214.84,0.00
104.22.51.181,4,4,0.00,214.85,0.00
172.67.127.116,4,4,0.00,214.88,0.00
104.16.212.126,4,4,0.00,214.90,0.00
172.64.206.153,4,4,0.00,214.92,0.00
104.17.121.137,4,4,0.00,214.93,0.00
104.20.134.246,4,4,0.00,214.96,0.00
104.17.218.162,4,4,0.00,215.07,0.00
104.20.3.187,4,4,0.00,215.07,0.00
104.25.51.202,4,4,0.00,215.10,0.00
104.23.96.0,4,4,0.00,215.11,0.00
104.18.245.86,4,4,0.00,215.14,0.00
104.16.203.41,4,4,0.00,215.16,0.00
104.19.209.60,4,4,0.00,215.18,0.00
104.27.100.238,4,4,0.00,215.18,0.00
104.23.100.17,4,4,0.00,215.20,0.00
198.41.193.150,4,4,0.00,215.25,0.00
104.22.3.22,4,4,0.00,215.28,0.00
104.17.170.27,4,4,0.00,215.29,0.00
104.20.192.16,4,4,0.00,215.31,0.00
104.27.124.161,4,4,0.00,215.32,0.00
172.64.133.166,4,4,0.00,215.35,0.00
104.17.155.223,4,4,0.00,215.35,0.00
104.25.161.229,4,4,0.00,215.39,0.00
104.17.82.137,4,4,0.00,215.42,0.00
104.25.6.216,4,4,0.00,215.42,0.00
104.20.241.111,4,4,0.00,215.46,0.00
104.17.119.152,4,4,0.00,215.49,0.00
104.19.186.198,4,4,0.00,215.51,0.00
104.20.113.159,4,4,0.00,215.54,0.00
104.17.246.38,4,4,0.00,215.57,0.00
104.18.77.114,4,4,0.00,215.66,0.00
104.20.142.178,4,4,0.00,215.72,0.00
104.18.249.126,4,4,0.00,215.80,0.00
104.24.137.33,4,4,0.00,215.83,0.00
172.64.130.207,4,4,0.00,215.83,0.00
104.17.219.141,4,4,0.00,215.84,0.00
162.159.242.108,4,4,0.00,215.86,0.00
104.16.20.80,4,4,0.00,215.88,0.00
104.16.226.219,4,4,0.00,216.09,0.00
104.24.189.23,4,4,0.00,216.10,0.00
104.22.18.137,4,4,0.00,216.12,0.00
104.19.21.122,4,4,0.00,216.12,0.00
104.20.198.39,4,4,0.00,216.19,0.00
104.17.205.182,4,4,0.00,216.21,0.00
104.16.100.77,4,4,0.00,216.23,0.00
104.20.208.202,4,4,0.00,216.24,0.00
104.25.102.25,4,4,0.00,216.24,0.00
104.20.126.51,4,4,0.00,216.25,0.00
104.17.38.86,4,4,0.00,216.26,0.00
172.67.243.78,4,4,0.00,216.26,0.00
104.17.245.132,4,4,0.00,216.31,0.00
104.18.231.116,4,4,0.00,216.33,0.00
104.17.104.211,4,4,0.00,216.33,0.00
104.25.103.16,4,4,0.00,216.35,0.00
104.18.247.11,4,4,0.00,216.43,0.00
104.18.5.244,4,4,0.00,216.48,0.00
104.27.127.70,4,4,0.00,216.51,0.00
104.20.78.45,4,4,0.00,216.54,0.00
104.19.220.36,4,4,0.00,216.59,0.00
104.17.236.234,4,4,0.00,216.60,0.00
104.20.5.118,4,4,0.00,216.60,0.00
104.17.150.245,4,4,0.00,216.60,0.00
104.16.114.23,4,4,0.00,216.61,0.00
104.17.86.46,4,4,0.00,216.61,0.00
104.20.82.15,4,4,0.00,216.68,0.00
172.64.149.100,4,4,0.00,216.70,0.00
104.20.219.132,4,4,0.00,216.77,0.00
104.24.203.88,4,4,0.00,216.79,0.00
190.93.245.47,4,4,0.00,216.80,0.00
172.67.112.142,4,4,0.00,216.80,0.00
104.19.223.32,4,4,0.00,216.82,0.00
172.64.111.82,4,4,0.00,216.86,0.00
104.18.237.129,4,4,0.00,216.88,0.00
104.20.147.74,4,4,0.00,216.89,0.00
104.21.88.88,4,4,0.00,216.90,0.00
104.24.230.45,4,4,0.00,216.91,0.00
104.20.218.182,4,4,0.00,216.93,0.00
104.23.104.98,4,4,0.00,216.98,0.00
104.16.170.39,4,4,0.00,216.98,0.00
104.17.71.111,4,4,0.00,217.09,0.00
104.17.231.60,4,4,0.00,217.09,0.00
172.67.43.239,4,4,0.00,217.12,0.00
104.25.63.34,4,4,0.00,217.12,0.00
108.162.193.177,4,4,0.00,217.12,0.00
104.16.246.105,4,4,0.00,217.17,0.00
104.22.54.181,4,4,0.00,217.23,0.00
172.67.5.95,4,4,0.00,217.27,0.00
104.18.104.188,4,4,0.00,217.33,0.00
104.18.174.109,4,4,0.00,217.34,0.00
104.25.8.151,4,4,0.00,217.40,0.00
104.17.250.167,4,4,0.00,217.41,0.00
104.18.130.194,4,4,0.00,217.46,0.00
104.19.251.111,4,4,0.00,217.55,0.00
104.25.93.131,4,4,0.00,217.58,0.00
104.22.33.162,4,4,0.00,217.61,0.00
104.20.71.89,4,4,0.00,217.61,0.00
162.159.39.34,4,4,0.00,217.63,0.00
172.67.125.93,4,4,0.00,217.63,0.00
172.67.46.236,4,4,0.00,217.65,0.00
104.20.228.228,4,4,0.00,217.65,0.00
104.18.103.243,4,4,0.00,217.66,0.00
104.23.109.237,4,4,0.00,217.67,0.00
104.22.68.153,4,4,0.00,217.70,0.00
172.64.160.235,4,4,0.00,217.72,0.00
104.18.167.166,4,4,0.00,217.73,0.00
104.25.86.127,4,4,0.00,217.76,0.00
104.24.48.123,4,4,0.00,217.80,0.00
162.159.62.215,4,4,0.00,217.82,0.00
104.16.160.217,4,4,0.00,217.82,0.00
104.24.198.141,4,4,0.00,217.83,0.00
104.18.190.24,4,4,0.00,217.85,0.00
104.20.178.200,4,4,0.00,217.88,0.00
104.24.202.179,4,4,0.00,217.88,0.00
104.18.200.137,4,4,0.00,217.90,0.00
104.24.9.97,4,4,0.00,217.97,0.00
104.22.31.65,4,4,0.00,217.97,0.00
104.17.203.28,4,4,0.00,217.97,0.00
104.18.177.36,4,4,0.00,218.09,0.00
104.19.26.24,4,4,0.00,218.09,0.00
172.66.197.137,4,4,0.00,218.13,0.00
104.20.175.45,4,4,0.00,218.18,0.00
104.25.181.69,4,4,0.00,218.23,0.00
104.22.59.30,4,4,0.00,218.28,0.00
104.17.207.10,4,4,0.00,218.28,0.00
104.18.124.140,4,4,0.00,218.31,0.00
104.18.189.62,4,4,0.00,218.33,0.00
104.19.148.244,4,4,0.00,218.34,0.00
104.17.100.164,4,4,0.00,218.36,0.00
104.17.59.42,4,4,0.00,218.39,0.00
104.19.27.239,4,4,0.00,218.44,0.00
104.19.89.224,4,4,0.00,218.50,0.00
104.19.230.74,4,4,0.00,218.50,0.00
104.20.111.55,4,4,0.00,218.52,0.00
104.19.46.254,4,4,0.00,218.55,0.00
104.16.121.66,4,4,0.00,218.66,0.00
104.18.47.45,4,4,0.00,218.68,0.00
104.18.97.114,4,4,0.00,218.70,0.00
104.20.13.67,4,4,0.00,218.73,0.00
104.25.111.148,4,4,0.00,218.74,0.00
104.16.106.10,4,4,0.00,218.76,0.00
104.18.166.93,4,4,0.00,218.77,0.00
104.23.117.189,4,4,0.00,218.80,0.00
172.66.203.223,4,4,0.00,218.87,0.00
172.64.234.158,4,4,0.00,218.89,0.00
104.17.184.174,4,4,0.00,218.94,0.00
104.18.158.75,4,4,0.00,218.95,0.00
104.17.194.115,4,4,0.00,218.98,0.00
104.16.169.171,4,4,0.00,219.00,0.00
104.19.62.61,4,4,0.00,219.01,0.00
104.20.132.123,4,4,0.00,219.04,0.00
104.17.26.250,4,4,0.00,219.05,0.00
104.25.3.76,4,4,0.00,219.06,0.00
104.24.45.40,4,4,0.00,219.13,0.00
104.27.46.188,4,4,0.00,219.15,0.00
104.16.253.233,4,4,0.00,219.21,0.00
104.19.202.119,4,4,0.00,219.26,0.00
104.25.0.88,4,4,0.00,219.35,0.00
104.19.9.222,4,4,0.00,219.37,0.00
198.41.206.240,4,4,0.00,219.42,0.00
104.16.147.33,4,4,0.00,219.52,0.00
104.19.250.251,4,4,0.00,219.53,0.00
198.41.199.49,4,4,0.00,219.57,0.00
172.66.204.173,4,4,0.00,219.58,0.00
104.18.3.251,4,4,0.00,219.60,0.00
104.18.243.54,4,4,0.00,219.66,0.00
104.22.60.71,4,4,0.00,219.71,0.00
104.19.226.109,4,4,0.00,219.72,0.00
162.159.15.226,4,4,0.00,219.77,0.00
104.17.67.104,4,4,0.00,219.80,0.00
104.20.191.27,4,4,0.00,219.83,0.00
104.18.138.60,4,4,0.00,219.84,0.00
104.17.243.224,4,4,0.00,219.99,0.00
104.24.145.75,4,4,0.00,220.02,0.00
172.64.33.147,4,4,0.00,220.11,0.00
104.16.25.236,4,4,0.00,220.18,0.00
104.17.58.126,4,4,0.00,220.19,0.00
104.19.243.219,4,4,0.00,220.25,0.00
104.19.121.56,4,4,0.00,220.26,0.00
104.16.149.203,4,4,0.00,220.26,0.00
104.27.120.164,4,4,0.00,220.28,0.00
104.27.11.162,4,4,0.00,220.34,0.00
104.17.143.87,4,4,0.00,220.34,0.00
104.20.56.197,4,4,0.00,220.35,0.00
104.19.98.41,4,4,0.00,220.38,0.00
104.24.83.200,4,4,0.00,220.40,0.00
104.18.36.36,4,4,0.00,220.43,0.00
104.16.14.236,4,4,0.00,220.44,0.00
104.17.85.76,4,4,0.00,220.45,0.00
104.16.66.156,4,4,0.00,220.45,0.00
172.67.39.134,4,4,0.00,220.46,0.00
172.67.105.179,4,4,0.00,220.46,0.00
104.17.77.244,4,4,0.00,220.46,0.00
104.18.208.231,4,4,0.00,220.47,0.00
104.17.61.81,4,4,0.00,220.49,0.00
104.20.140.70,4,4,0.00,220.49,0.00
104.19.42.42,4,4,0.00,220.50,0.00
162.159.82.234,4,4,0.00,220.62,0.00
172.66.210.94,4,4,0.00,220.63,0.00
104.24.165.13,4,4,0.00,220.64,0.00
104.20.101.208,4,4,0.00,220.80,0.00
104.25.81.241,4,4,0.00,220.91,0.00
104.18.100.71,4,4,0.00,221.00,0.00
104.24.227.48,4,4,0.00,221.01,0.00
172.66.166.184,4,4,0.00,221.05,0.00
104.24.184.94,4,4,0.00,221.05,0.00
104.19.6.78,4,4,0.00,221.05,0.00
104.25.83.27,4,4,0.00,221.09,0.00
172.66.129.138,4,4,0.00,221.10,0.00
104.20.46.196,4,4,0.00,221.11,0.00
104.20.84.249,4,4,0.00,221.15,0.00
162.159.61.138,4,4,0.00,221.18,0.00
172.66.151.99,4,4,0.00,221.21,0.00
172.67.0.105,4,4,0.00,221.24,0.00
104.25.45.111,4,4,0.00,221.28,0.00
104.18.219.11,4,4,0.00,221.31,0.00
104.19.59.183,4,4,0.00,221.31,0.00
104.18.115.142,4,4,0.00,221.38,0.00
172.67.106.66,4,4,0.00,221.38,0.00
104.17.167.54,4,4,0.00,221.43,0.00
104.24.229.136,4,4,0.00,221.57,0.00
104.19.161.212,4,4,0.00,221.58,0.00
104.16.210.208,4,4,0.00,221.59,0.00
104.16.165.101,4,4,0.00,221.66,0.00
172.67.12.253,4,4,0.00,221.67,0.00
104.24.188.79,4,4,0.00,221.67,0.00
104.16.151.115,4,4,0.00,221.69,0.00
104.19.213.254,4,4,0.00,221.69,0.00
104.24.77.124,4,4,0.00,221.75,0.00
162.159.9.164,4,4,0.00,221.78,0.00
104.17.131.108,4,4,0.00,221.82,0.00
104.24.234.62,4,4,0.00,221.83,0.00
104.25.213.15,4,4,0.00,221.86,0.00
172.67.45.17,4,4,0.00,221.89,0.00
104.27.6.131,4,4,0.00,221.89,0.00
162.159.4.138,4,4,0.00,221.91,0.00
104.24.223.133,4,4,0.00,221.95,0.00
104.18.29.36,4,4,0.00,221.98,0.00
104.25.250.96,4,4,0.00,222.00,0.00
104.20.204.130,4,4,0.00,222.07,0.00
104.18.211.191,4,4,0.00,222.08,0.00
104.18.92.34,4,4,0.00,222.16,0.00
104.18.139.27,4,4,0.00,222.16,0.00
104.19.105.140,4,4,0.00,222.17,0.00
172.64.132.183,4,4,0.00,222.19,0.00
104.18.160.30,4,4,0.00,222.21,0.00
104.18.226.183,4,4,0.00,222.21,0.00
104.17.129.227,4,4,0.00,222.21,0.00
104.16.215.58,4,4,0.00,222.22,0.00
162.159.193.45,4,4,0.00,222.27,0.00
104.16.222.180,4,4,0.00,222.28,0.00
172.66.143.66,4,4,0.00,222.28,0.00
172.67.1.98,4,4,0.00,222.31,0.00
104.19.149.233,4,4,0.00,222.32,0.00
104.16.76.87,4,4,0.00,222.33,0.00
104.20.110.150,4,4,0.00,222.35,0.00
104.17.234.227,4,4,0.00,222.38,0.00
104.17.226.29,4,4,0.00,222.41,0.00
104.18.151.152,4,4,0.00,222.45,0.00
104.25.90.214,4,4,0.00,222.51,0.00
172.67.63.69,4,4,0.00,222.53,0.00
104.24.244.73,4,4,0.00,222.56,0.00
104.22.34.144,4,4,0.00,222.59,0.00
162.159.22.250,4,4,0.00,222.59,0.00
104.20.148.240,4,4,0.00,222.61,0.00
104.19.210.12,4,4,0.00,222.63,0.00
104.19.11.210,4,4,0.00,222.73,0.00
104.16.249.75,4,4,0.00,222.75,0.00
104.19.203.86,4,4,0.00,222.76,0.00
104.16.228.89,4,4,0.00,222.78,0.00
104.17.185.139,4,4,0.00,222.80,0.00
104.27.43.180,4,4,0.00,222.82,0.00
104.17.37.113,4,4,0.00,222.83,0.00
104.16.52.139,4,4,0.00,222.83,0.00
172.64.136.19,4,4,0.00,222.83,0.00
104.17.65.240,4,4,0.00,222.86,0.00
162.159.246.37,4,4,0.00,222.98,0.00
104.25.108.46,4,4,0.00,223.00,0.00
172.67.97.179,4,4,0.00,223.06,0.00
104.18.222.152,4,4,0.00,223.09,0.00
104.19.32.118,4,4,0.00,223.13,0.00
104.17.123.204,4,4,0.00,223.17,0.00
104.20.63.120,4,4,0.00,223.19,0.00
104.16.163.103,4,4,0.00,223.20,0.00
104.16.96.184,4,4,0.00,223.25,0.00
104.18.24.127,4,4,0.00,223.28,0.00
172.67.52.243,4,4,0.00,223.31,0.00
104.22.22.233,4,4,0.00,223.36,0.00
104.16.209.62,4,4,0.00,223.39,0.00
104.18.228.65,4,4,0.00,223.47,0.00
104.24.196.18,4,4,0.00,223.50,0.00
162.159.255.164,4,4,0.00,223.59,0.00
104.17.64.239,4,4,0.00,223.65,0.00
104.17.158.0,4,4,0.00,223.68,0.00
104.18.76.203,4,4,0.00,223.69,0.00
104.18.105.105,4,4,0.00,223.73,0.00
104.17.21.191,4,4,0.00,223.79,0.00
104.16.123.113,4,4,0.00,223.80,0.00
104.20.237.123,4,4,0.00,223.82,0.00
104.17.137.211,4,4,0.00,223.82,0.00
104.27.111.116,4,4,0.00,223.85,0.00
104.24.37.242,4,4,0.00,223.88,0.00
104.18.221.223,4,4,0.00,223.89,0.00
104.17.159.213,4,4,0.00,223.90,0.00
104.18.238.170,4,4,0.00,223.93,0.00
104.24.214.157,4,4,0.00,223.96,0.00
104.24.197.82,4,4,0.00,224.01,0.00
104.18.218.164,4,4,0.00,224.07,0.00
104.16.137.96,4,4,0.00,224.09,0.00
104.24.80.246,4,4,0.00,224.10,0.00
104.18.255.2,4,4,0.00,224.12,0.00
104.27.25.206,4,4,0.00,224.13,0.00
104.17.178.78,4,4,0.00,224.13,0.00
104.25.244.164,4,4,0.00,224.15,0.00
104.18.23.45,4,4,0.00,224.23,0.00
172.66.43.6,4,4,0.00,224.26,0.00
104.17.114.136,4,4,0.00,224.29,0.00
104.16.231.223,4,4,0.00,224.29,0.00
104.17.66.153,4,4,0.00,224.44,0.00
104.20.251.194,4,4,0.00,224.51,0.00
104.18.163.153,4,4,0.00,224.58,0.00
104.17.73.8,4,4,0.00,224.58,0.00
104.19.154.194,4,4,0.00,224.60,0.00
198.41.204.101,4,4,0.00,224.62,0.00
172.64.170.121,4,4,0.00,224.71,0.00
104.23.122.21,4,4,0.00,224.75,0.00
104.25.179.142,4,4,0.00,224.86,0.00
104.16.181.61,4,4,0.00,224.86,0.00
104.25.75.125,4,4,0.00,224.87,0.00
104.18.149.222,4,4,0.00,224.87,0.00
104.16.218.80,4,4,0.00,224.95,0.00
172.67.53.205,4,4,0.00,225.00,0.00
162.159.14.125,4,4,0.00,225.02,0.00
104.18.98.173,4,4,0.00,225.04,0.00
104.19.228.127,4,4,0.00,225.04,0.00
104.21.226.180,4,4,0.00,225.06,0.00
172.64.166.160,4,4,0.00,225.11,0.00
104.18.89.143,4,4,0.00,225.15,0.00
172.67.85.166,4,4,0.00,225.23,0.00
104.24.95.182,4,4,0.00,225.28,0.00
104.19.169.223,4,4,0.00,225.31,0.00
104.27.30.134,4,4,0.00,225.32,0.00
172.67.33.110,4,4,0.00,225.32,0.00
104.16.65.198,4,4,0.00,225.34,0.00
172.67.93.29,4,4,0.00,225.34,0.00
104.23.116.208,4,4,0.00,225.35,0.00
104.20.0.102,4,4,0.00,225.38,0.00
104.24.212.21,4,4,0.00,225.38,0.00
104.24.42.113,4,4,0.00,225.39,0.00
104.25.106.229,4,4,0.00,225.39,0.00
172.64.204.253,4,4,0.00,225.39,0.00
104.17.42.153,4,4,0.00,225.45,0.00
104.19.158.131,4,4,0.00,225.46,0.00
162.159.198.71,4,4,0.00,225.57,0.00
104.22.37.228,4,4,0.00,225.63,0.00
104.17.107.129,4,4,0.00,225.67,0.00
162.159.5.12,4,4,0.00,225.67,0.00
104.18.70.129,4,4,0.00,225.68,0.00
104.24.38.208,4,4,0.00,225.71,0.00
104.17.92.24,4,4,0.00,225.74,0.00
104.25.13.16,4,4,0.00,225.78,0.00
172.67.50.153,4,4,0.00,225.79,0.00
104.20.93.26,4,4,0.00,225.83,0.00
104.17.162.189,4,4,0.00,225.83,0.00
104.16.204.252,4,4,0.00,225.85,0.00
172.66.195.66,4,4,0.00,225.90,0.00
172.64.171.156,4,4,0.00,225.90,0.00
104.25.19.147,4,4,0.00,225.93,0.00
172.64.35.85,4,4,0.00,225.94,0.00
104.18.194.175,4,4,0.00,225.97,0.00
104.18.107.194,4,4,0.00,225.97,0.00
104.20.104.201,4,4,0.00,226.01,0.00
104.24.201.178,4,4,0.00,226.18,0.00
104.19.163.76,4,4,0.00,226.18,0.00
104.18.64.213,4,4,0.00,226.20,0.00
172.66.149.167,4,4,0.00,226.22,0.00
104.16.185.45,4,4,0.00,226.24,0.00
104.17.68.11,4,4,0.00,226.26,0.00
104.17.83.116,4,4,0.00,226.32,0.00
104.18.111.138,4,4,0.00,226.34,0.00
104.16.206.76,4,4,0.00,226.39,0.00
104.17.53.218,4,4,0.00,226.43,0.00
104.17.117.199,4,4,0.00,226.43,0.00
104.17.87.160,4,4,0.00,226.48,0.00
172.64.107.114,4,4,0.00,226.48,0.00
104.27.119.6,4,4,0.00,226.50,0.00
104.25.222.124,4,4,0.00,226.50,0.00
172.64.162.174,4,4,0.00,226.51,0.00
104.27.126.5,4,4,0.00,226.52,0.00
104.20.239.251,4,4,0.00,226.54,0.00
104.18.225.101,4,4,0.00,226.58,0.00
104.20.151.56,4,4,0.00,226.60,0.00
104.17.122.200,4,4,0.00,226.60,0.00
172.67.42.77,4,4,0.00,226.62,0.00
104.18.82.252,4,4,0.00,226.64,0.00
104.27.29.59,4,4,0.00,226.65,0.00
104.20.79.225,4,4,0.00,226.69,0.00
104.18.45.133,4,4,0.00,226.70,0.00
104.16.13.7,4,4,0.00,226.73,0.00
104.20.244.231,4,4,0.00,226.74,0.00
104.17.201.50,4,4,0.00,226.75,0.00
104.18.159.94,4,4,0.00,226.80,0.00
104.17.17.106,4,4,0.00,226.82,0.00
104.17.118.31,4,4,0.00,226.83,0.00
104.17.221.171,4,4,0.00,226.84,0.00
104.20.213.252,4,4,0.00,226.91,0.00
104.17.110.212,4,4,0.00,226.94,0.00
162.159.199.88,4,4,0.00,226.94,0.00
104.17.192.105,4,4,0.00,226.94,0.00
162.159.18.178,4,4,0.00,226.95,0.00
104.20.36.66,4,4,0.00,226.96,0.00
104.24.89.224,4,4,0.00,226.98,0.00
172.67.13.41,4,4,0.00,226.99,0.00
104.18.168.82,4,4,0.00,227.06,0.00
104.17.75.155,4,4,0.00,227.06,0.00
104.16.243.48,4,4,0.00,227.08,0.00
162.159.244.88,4,4,0.00,227.11,0.00
104.25.17.159,4,4,0.00,227.17,0.00
104.17.169.189,4,4,0.00,227.18,0.00
104.27.74.82,4,4,0.00,227.20,0.00
172.66.205.60,4,4,0.00,227.21,0.00
104.25.54.97,4,4,0.00,227.21,0.00
104.19.189.55,4,4,0.00,227.33,0.00
198.41.221.52,4,4,0.00,227.33,0.00
172.67.170.82,4,4,0.00,227.34,0.00
104.25.229.130,4,4,0.00,227.39,0.00
104.20.247.147,4,4,0.00,227.42,0.00
104.22.76.202,4,4,0.00,227.48,0.00
104.17.206.67,4,4,0.00,227.48,0.00
104.16.219.88,4,4,0.00,227.49,0.00
104.17.25.162,4,4,0.00,227.54,0.00
104.27.27.218,4,4,0.00,227.57,0.00
141.101.115.58,4,4,0.00,227.62,0.00
104.18.127.206,4,4,0.00,227.64,0.00
104.27.4.249,4,4,0.00,227.68,0.00
104.24.243.80,4,4,0.00,227.70,0.00
104.17.237.11,4,4,0.00,227.70,0.00
172.64.175.178,4,4,0.00,227.73,0.00
104.27.82.105,4,4,0.00,227.78,0.00
104.27.94.207,4,4,0.00,227.80,0.00
104.20.254.47,4,4,0.00,227.80,0.00
172.64.80.123,4,4,0.00,227.82,0.00
172.66.41.109,4,4,0.00,227.83,0.00
104.25.193.231,4,4,0.00,227.83,0.00
104.17.142.245,4,4,0.00,227.84,0.00
104.24.54.220,4,4,0.00,227.94,0.00
172.66.133.120,4,4,0.00,228.03,0.00
104.16.143.126,4,4,0.00,228.03,0.00
104.18.121.184,4,4,0.00,228.27,0.00
104.27.117.150,4,4,0.00,228.31,0.00
104.17.181.19,4,4,0.00,228.35,0.00
104.25.79.95,4,4,0.00,228.37,0.00
172.64.98.54,4,4,0.00,228.40,0.00
104.23.101.111,4,4,0.00,228.41,0.00
172.67.95.36,4,4,0.00,228.50,0.00
172.64.201.75,4,4,0.00,228.58,0.00
104.27.10.185,4,4,0.00,228.67,0.00
104.25.24.34,4,4,0.00,228.72,0.00
104.17.94.146,4,4,0.00,228.72,0.00
104.17.7.115,4,4,0.00,228.74,0.00
104.17.238.168,4,4,0.00,228.76,0.00
172.67.14.31,4,4,0.00,228.79,0.00
104.18.239.124,4,4,0.00,228.79,0.00
104.25.180.119,4,4,0.00,228.84,0.00
104.18.88.71,4,4,0.00,228.84,0.00
104.20.41.121,4,4,0.00,228.89,0.00
104.17.210.9,4,4,0.00,228.90,0.00
172.66.139.143,4,4,0.00,229.10,0.00
172.67.49.38,4,4,0.00,229.11,0.00
104.18.202.57,4,4,0.00,229.12,0.00
172.67.115.97,4,4,0.00,229.13,0.00
104.25.195.184,4,4,0.00,229.19,0.00
198.41.223.251,4,4,0.00,229.25,0.00
104.25.251.117,4,4,0.00,229.34,0.00
104.20.73.225,4,4,0.00,229.40,0.00
104.20.114.217,4,4,0.00,229.44,0.00
104.18.83.242,4,4,0.00,229.44,0.00
104.17.134.29,4,4,0.00,229.46,0.00
172.64.156.111,4,4,0.00,229.49,0.00
104.23.103.201,4,4,0.00,229.54,0.00
198.41.194.224,4,4,0.00,229.61,0.00
104.22.78.240,4,4,0.00,229.68,0.00
104.20.67.63,4,4,0.00,229.77,0.00
104.16.42.130,4,4,0.00,229.77,0.00
104.19.156.235,4,4,0.00,229.77,0.00
104.24.199.165,4,4,0.00,229.78,0.00
104.23.106.110,4,4,0.00,229.86,0.00
104.25.95.68,4,4,0.00,229.88,0.00
104.20.155.64,4,4,0.00,229.95,0.00
172.66.206.152,4,4,0.00,229.99,0.00
104.17.251.123,4,4,0.00,230.03,0.00
104.22.62.174,4,4,0.00,230.04,0.00
162.159.19.234,4,4,0.00,230.06,0.00
104.27.79.194,4,4,0.00,230.13,0.00
104.18.178.2,4,4,0.00,230.13,0.00
104.25.224.54,4,4,0.00,230.22,0.00
104.27.59.134,4,4,0.00,230.24,0.00
104.17.29.137,4,4,0.00,230.25,0.00
172.64.93.195,4,4,0.00,230.28,0.00
104.20.229.17,4,4,0.00,230.29,0.00
104.24.28.31,4,4,0.00,230.33,0.00
104.25.227.225,4,4,0.00,230.34,0.00
104.16.205.85,4,4,0.00,230.41,0.00
104.17.153.188,4,4,0.00,230.42,0.00
104.27.61.253,4,4,0.00,230.42,0.00
172.64.96.176,4,4,0.00,230.43,0.00
104.17.161.105,4,4,0.00,230.45,0.00
104.20.123.78,4,4,0.00,230.53,0.00
172.67.19.181,4,4,0.00,230.63,0.00
172.64.100.246,4,4,0.00,230.64,0.00
104.25.105.247,4,4,0.00,230.66,0.00
104.24.209.182,4,4,0.00,230.66,0.00
104.18.80.42,4,4,0.00,230.75,0.00
104.20.227.143,4,4,0.00,230.77,0.00
104.20.59.223,4,4,0.00,230.78,0.00
172.66.216.156,4,4,0.00,230.79,0.00
104.17.213.67,4,4,0.00,230.84,0.00
104.17.102.49,4,4,0.00,230.86,0.00
172.67.99.140,4,4,0.00,230.89,0.00
172.67.61.99,4,4,0.00,230.89,0.00
198.41.219.176,4,4,0.00,230.90,0.00
104.17.160.111,4,4,0.00,231.05,0.00
104.19.219.19,4,4,0.00,231.06,0.00
172.64.99.24,4,4,0.00,231.09,0.00
104.27.44.110,4,4,0.00,231.17,0.00
104.16.179.30,4,4,0.00,231.23,0.00
172.64.105.251,4,4,0.00,231.23,0.00
104.20.225.160,4,4,0.00,231.27,0.00
104.22.42.26,4,4,0.00,231.29,0.00
104.27.9.99,4,4,0.00,231.34,0.00
172.66.140.176,4,4,0.00,231.34,0.00
104.18.176.3,4,4,0.00,231.38,0.00
104.16.182.170,4,4,0.00,231.41,0.00
104.27.41.75,4,4,0.00,231.44,0.00
172.64.152.60,4,4,0.00,231.49,0.00
104.24.236.112,4,4,0.00,231.51,0.00
104.18.67.225,4,4,0.00,231.51,0.00
104.19.217.210,4,4,0.00,231.56,0.00
172.66.215.244,4,4,0.00,231.59,0.00
162.159.194.201,4,4,0.00,231.66,0.00
104.18.147.200,4,4,0.00,231.67,0.00
104.17.168.60,4,4,0.00,231.68,0.00
104.25.84.23,4,4,0.00,231.72,0.00
104.20.108.118,4,4,0.00,231.76,0.00
104.18.85.48,4,4,0.00,231.78,0.00
104.19.192.223,4,4,0.00,231.79,0.00
104.19.193.66,4,4,0.00,231.79,0.00
172.64.82.140,4,4,0.00,231.79,0.00
104.24.162.29,4,4,0.00,231.84,0.00
104.25.68.88,4,4,0.00,231.85,0.00
104.20.176.165,4,4,0.00,231.90,0.00
172.67.8.227,4,4,0.00,231.92,0.00
104.27.112.48,4,4,0.00,231.93,0.00
104.25.201.205,4,4,0.00,231.95,0.00
104.17.6.204,4,4,0.00,232.05,0.00
104.17.135.184,4,4,0.00,232.07,0.00
104.23.105.142,4,4,0.00,232.08,0.00
104.18.198.96,4,4,0.00,232.13,0.00
104.20.194.40,4,4,0.00,232.16,0.00
104.20.99.178,4,4,0.00,232.16,0.00
104.20.196.143,4,4,0.00,232.23,0.00
104.24.72.247,4,4,0.00,232.23,0.00
104.17.28.231,4,4,0.00,232.26,0.00
172.64.52.217,4,4,0.00,232.26,0.00
104.27.63.205,4,4,0.00,232.33,0.00
104.18.27.242,4,4,0.00,232.35,0.00
104.20.6.12,4,4,0.00,232.51,0.00
104.25.1.162,4,4,0.00,232.53,0.00
104.25.186.65,4,4,0.00,232.69,0.00
104.16.139.129,4,4,0.00,232.73,0.00
104.17.130.61,4,4,0.00,232.74,0.00
104.19.248.176,4,4,0.00,232.75,0.00
104.17.208.193,4,4,0.00,232.79,0.00
104.16.197.68,4,4,0.00,232.80,0.00
104.20.214.34,4,4,0.00,232.82,0.00
104.16.211.3,4,4,0.00,232.88,0.00
104.24.228.184,4,4,0.00,232.88,0.00
104.27.81.3,4,4,0.00,232.97,0.00
104.25.115.249,4,4,0.00,233.13,0.00
104.20.11.94,4,4,0.00,233.16,0.00
104.25.23.159,4,4,0.00,233.26,0.00
162.159.241.38,4,4,0.00,233.30,0.00
104.17.147.218,4,4,0.00,233.30,0.00
104.25.220.82,4,4,0.00,233.30,0.00
104.17.240.37,4,4,0.00,233.33,0.00
104.20.103.213,4,4,0.00,233.53,0.00
104.22.20.247,4,4,0.00,233.61,0.00
104.19.99.234,4,4,0.00,233.67,0.00
104.20.222.133,4,4,0.00,233.76,0.00
104.20.129.49,4,4,0.00,233.80,0.00
104.17.193.169,4,4,0.00,233.81,0.00
104.18.6.41,4,4,0.00,233.82,0.00
104.16.191.202,4,4,0.00,233.84,0.00
104.18.180.16,4,4,0.00,233.87,0.00
104.18.20.218,4,4,0.00,233.88,0.00
162.159.10.200,4,4,0.00,233.89,0.00
104.16.196.161,4,4,0.00,234.04,0.00
104.18.191.241,4,4,0.00,234.08,0.00
104.18.246.113,4,4,0.00,234.17,0.00
104.21.62.64,4,4,0.00,234.19,0.00
104.17.212.69,4,4,0.00,234.21,0.00
104.24.166.128,4,4,0.00,234.23,0.00
104.18.126.131,4,4,0.00,234.23,0.00
172.66.134.126,4,4,0.00,234.23,0.00
104.25.114.47,4,4,0.00,234.43,0.00
104.25.52.139,4,4,0.00,234.43,0.00
104.24.158.17,4,4,0.00,234.47,0.00
104.17.188.131,4,4,0.00,234.53,0.00
104.18.74.203,4,4,0.00,234.55,0.00
104.17.175.149,4,4,0.00,234.61,0.00
104.20.143.64,4,4,0.00,234.61,0.00
172.67.36.158,4,4,0.00,234.66,0.00
104.18.253.211,4,4,0.00,234.70,0.00
104.24.55.92,4,4,0.00,234.70,0.00
104.17.125.234,4,4,0.00,234.73,0.00
104.18.248.160,4,4,0.00,234.85,0.00
172.64.110.229,4,4,0.00,234.87,0.00
104.19.147.88,4,4,0.00,234.89,0.00
104.27.35.36,4,4,0.00,234.93,0.00
108.162.196.64,4,4,0.00,234.93,0.00
172.66.167.19,4,4,0.00,234.94,0.00
172.64.90.26,4,4,0.00,234.98,0.00
104.18.236.196,4,4,0.00,235.10,0.00
104.17.84.254,4,4,0.00,235.16,0.00
104.25.89.227,4,4,0.00,235.16,0.00
104.19.235.68,4,4,0.00,235.18,0.00
162.159.7.38,4,4,0.00,235.32,0.00
172.67.81.34,4,4,0.00,235.37,0.00
104.19.208.221,4,4,0.00,235.37,0.00
104.24.208.92,4,4,0.00,235.43,0.00
104.25.80.209,4,4,0.00,235.44,0.00
172.67.126.93,4,4,0.00,235.53,0.00
104.19.191.207,4,4,0.00,235.58,0.00
104.19.194.99,4,4,0.00,235.60,0.00
104.17.108.92,4,4,0.00,235.63,0.00
104.22.16.125,4,4,0.00,235.65,0.00
104.25.164.176,4,4,0.00,235.67,0.00
104.18.232.44,4,4,0.00,235.69,0.00
172.67.78.242,4,4,0.00,235.71,0.00
104.24.33.168,4,4,0.00,235.79,0.00
104.27.102.105,4,4,0.00,235.89,0.00
104.16.74.164,4,4,0.00,235.93,0.00
104.16.238.189,4,4,0.00,235.97,0.00
104.19.181.178,4,4,0.00,236.00,0.00
104.18.117.156,4,4,0.00,236.08,0.00
172.67.55.227,4,4,0.00,236.31,0.00
104.24.182.54,4,4,0.00,236.34,0.00
104.20.33.110,4,4,0.00,236.39,0.00
104.16.240.85,4,4,0.00,236.40,0.00
104.24.195.137,4,4,0.00,236.51,0.00
104.25.141.182,4,4,0.00,236.52,0.00
104.20.10.236,4,4,0.00,236.58,0.00
104.17.74.23,4,4,0.00,236.62,0.00
104.24.180.173,4,4,0.00,236.68,0.00
104.22.24.86,4,4,0.00,236.84,0.00
172.67.7.30,4,4,0.00,236.96,0.00
172.64.205.205,4,4,0.00,236.98,0.00
104.20.220.10,4,4,0.00,237.09,0.00
104.27.67.96,4,4,0.00,237.16,0.00
104.24.132.210,4,4,0.00,237.30,0.00
104.25.243.236,4,4,0.00,237.38,0.00
104.16.200.77,4,4,0.00,237.39,0.00
104.25.218.35,4,4,0.00,237.40,0.00
104.19.2.87,4,4,0.00,237.48,0.00
172.64.86.251,4,4,0.00,237.56,0.00
172.67.34.191,4,4,0.00,237.57,0.00
104.25.99.62,4,4,0.00,237.80,0.00
104.25.121.196,4,4,0.00,237.93,0.00
104.22.71.11,4,4,0.00,237.94,0.00
162.159.254.42,4,4,0.00,237.95,0.00
104.17.62.251,4,4,0.00,237.95,0.00
104.18.135.59,4,4,0.00,238.05,0.00
172.64.174.63,4,4,0.00,238.12,0.00
104.19.155.120,4,4,0.00,238.21,0.00
104.19.245.56,4,4,0.00,238.23,0.00
104.24.159.252,4,4,0.00,238.25,0.00
104.25.148.162,4,4,0.00,238.30,0.00
104.25.91.9,4,4,0.00,238.31,0.00
104.21.228.49,4,4,0.00,238.38,0.00
104.16.46.165,4,4,0.00,238.54,0.00
104.25.66.156,4,4,0.00,238.57,0.00
104.25.98.15,4,4,0.00,238.58,0.00
104.24.250.54,4,4,0.00,238.65,0.00
104.25.150.103,4,4,0.00,238.70,0.00
104.25.119.236,4,4,0.00,238.80,0.00
104.18.250.54,4,4,0.00,238.85,0.00
172.64.49.90,4,4,0.00,238.89,0.00
104.17.124.89,4,4,0.00,238.89,0.00
172.67.84.175,4,4,0.00,238.93,0.00
104.17.166.158,4,4,0.00,239.01,0.00
104.17.105.181,4,4,0.00,239.10,0.00
104.17.214.215,4,4,0.00,239.15,0.00
104.24.215.240,4,4,0.00,239.17,0.00
172.67.82.22,4,4,0.00,239.18,0.00
104.16.37.152,4,4,0.00,239.24,0.00
172.67.32.44,4,4,0.00,239.27,0.00
104.27.0.157,4,4,0.00,239.30,0.00
104.18.18.59,4,4,0.00,239.33,0.00
104.20.183.22,4,4,0.00,239.34,0.00
104.25.156.37,4,4,0.00,239.35,0.00
104.25.160.53,4,4,0.00,239.48,0.00
172.66.148.7,4,4,0.00,239.50,0.00
104.17.111.183,4,4,0.00,239.56,0.00
104.27.123.97,4,4,0.00,239.60,0.00
104.27.18.71,4,4,0.00,239.70,0.00
104.20.189.197,4,4,0.00,239.74,0.00
104.25.20.185,4,4,0.00,239.75,0.00
104.25.43.176,4,4,0.00,239.76,0.00
104.20.150.177,4,4,0.00,239.87,0.00
172.67.62.224,4,4,0.00,239.97,0.00
172.66.211.45,4,4,0.00,240.01,0.00
104.16.53.10,4,4,0.00,240.08,0.00
104.25.134.67,4,4,0.00,240.15,0.00
104.20.42.157,4,4,0.00,240.22,0.00
104.19.127.67,4,4,0.00,240.25,0.00
104.17.152.75,4,4,0.00,240.25,0.00
104.20.89.13,4,4,0.00,240.26,0.00
104.17.72.138,4,4,0.00,240.28,0.00
104.17.171.237,4,4,0.00,240.32,0.00
104.25.254.252,4,4,0.00,240.39,0.00
104.18.15.8,4,4,0.00,240.40,0.00
172.64.193.78,4,4,0.00,240.45,0.00
104.17.163.5,4,4,0.00,240.52,0.00
104.17.241.239,4,4,0.00,240.52,0.00
104.24.63.229,4,4,0.00,240.53,0.00
104.19.177.40,4,4,0.00,240.53,0.00
104.19.131.43,4,4,0.00,240.58,0.00
104.25.167.230,4,4,0.00,240.65,0.00
104.24.78.222,4,4,0.00,240.71,0.00
104.18.143.183,4,4,0.00,240.75,0.00
104.20.53.38,4,4,0.00,240.77,0.00
104.16.64.103,4,4,0.00,240.82,0.00
172.67.10.39,4,4,0.00,240.92,0.00
104.16.235.50,4,4,0.00,240.99,0.00
104.18.7.205,4,4,0.00,241.01,0.00
104.25.82.37,4,4,0.00,241.06,0.00
104.19.172.43,4,4,0.00,241.07,0.00
104.25.12.75,4,4,0.00,241.07,0.00
104.19.212.100,4,4,0.00,241.09,0.00
104.24.2.49,4,4,0.00,241.15,0.00
172.64.32.249,4,4,0.00,241.29,0.00
104.25.39.29,4,4,0.00,241.36,0.00
104.24.53.253,4,4,0.00,241.39,0.00
104.25.61.27,4,4,0.00,241.43,0.00
104.19.85.156,4,4,0.00,241.47,0.00
104.27.68.103,4,4,0.00,241.48,0.00
104.21.237.49,4,4,0.00,241.59,0.00
104.17.204.180,4,4,0.00,241.63,0.00
104.16.48.73,4,4,0.00,241.68,0.00
172.66.159.211,4,4,0.00,241.72,0.00
104.20.72.61,4,4,0.00,241.84,0.00
104.18.106.215,4,4,0.00,241.86,0.00
104.19.36.78,4,4,0.00,241.90,0.00
172.64.153.18,4,4,0.00,241.91,0.00
104.17.242.52,4,4,0.00,241.97,0.00
104.20.232.142,4,4,0.00,242.02,0.00
104.25.49.10,4,4,0.00,242.03,0.00
104.24.128.198,4,4,0.00,242.18,0.00
172.64.91.115,4,4,0.00,242.21,0.00
172.66.168.125,4,4,0.00,242.21,0.00
104.27.36.2,4,4,0.00,242.35,0.00
104.19.30.124,4,4,0.00,242.39,0.00
104.20.209.137,4,4,0.00,242.50,0.00
104.17.183.145,4,4,0.00,242.52,0.00
104.27.66.174,4,4,0.00,242.57,0.00
104.17.8.54,4,4,0.00,242.60,0.00
104.20.177.38,4,4,0.00,242.62,0.00
104.25.177.21,4,4,0.00,242.63,0.00
172.67.15.174,4,4,0.00,242.66,0.00
104.25.153.196,4,4,0.00,242.71,0.00
104.18.241.88,4,4,0.00,242.71,0.00
172.64.161.143,4,4,0.00,242.72,0.00
198.41.215.30,4,4,0.00,242.72,0.00
104.16.92.151,4,4,0.00,242.79,0.00
104.25.151.226,4,4,0.00,242.80,0.00
172.66.132.0,4,4,0.00,242.80,0.00
172.64.151.27,4,4,0.00,242.85,0.00
104.25.206.59,4,4,0.00,242.87,0.00
104.19.61.64,4,4,0.00,242.88,0.00
172.66.145.244,4,4,0.00,242.90,0.00
104.21.232.167,4,4,0.00,243.00,0.00
104.16.44.81,4,4,0.00,243.01,0.00
104.17.98.62,4,4,0.00,243.03,0.00
104.17.57.58,4,4,0.00,243.11,0.00
172.66.192.179,4,4,0.00,243.15,0.00
104.19.168.161,4,4,0.00,243.16,0.00
104.17.39.195,4,4,0.00,243.35,0.00
104.17.60.188,4,4,0.00,243.38,0.00
104.18.42.91,4,4,0.00,243.46,0.00
104.25.97.225,4,4,0.00,243.46,0.00
104.20.159.252,4,4,0.00,243.54,0.00
108.162.194.45,4,4,0.00,243.60,0.00
104.24.11.133,4,4,0.00,243.60,0.00
104.21.230.29,4,4,0.00,243.63,0.00
104.27.89.214,4,4,0.00,243.67,0.00
104.25.237.237,4,4,0.00,243.68,0.00
162.159.136.164,4,4,0.00,243.77,0.00
104.25.127.13,4,4,0.00,243.79,0.00
104.27.69.18,4,4,0.00,243.81,0.00
104.19.174.39,4,4,0.00,243.82,0.00
104.27.109.171,4,4,0.00,243.93,0.00
104.27.65.5,4,4,0.00,243.99,0.00
162.159.44.183,4,4,0.00,244.03,0.00
104.22.53.89,4,4,0.00,244.11,0.00
104.16.27.30,4,4,0.00,244.22,0.00
104.19.255.27,4,4,0.00,244.31,0.00
104.20.34.65,4,4,0.00,244.42,0.00
104.27.114.150,4,4,0.00,244.44,0.00
104.20.163.46,4,4,0.00,244.55,0.00
104.27.19.44,4,4,0.00,244.56,0.00
104.20.68.67,4,4,0.00,244.57,0.00
172.67.59.114,4,4,0.00,244.62,0.00
104.18.230.96,4,4,0.00,244.68,0.00
104.20.135.224,4,4,0.00,244.69,0.00
162.159.0.81,4,4,0.00,244.79,0.00
104.16.89.23,4,4,0.00,244.82,0.00
104.27.22.86,4,4,0.00,244.83,0.00
172.66.137.213,4,4,0.00,244.92,0.00
172.66.194.185,4,4,0.00,244.94,0.00
104.27.87.114,4,4,0.00,245.03,0.00
104.16.67.104,4,4,0.00,245.05,0.00
104.24.32.183,4,4,0.00,245.13,0.00
104.20.57.109,4,4,0.00,245.17,0.00
172.66.40.124,4,4,0.00,245.18,0.00
104.16.142.203,4,4,0.00,245.20,0.00
104.27.106.16,4,4,0.00,245.32,0.00
104.22.79.60,4,4,0.00,245.46,0.00
104.17.136.115,4,4,0.00,245.54,0.00
104.20.102.106,4,4,0.00,245.72,0.00
104.25.133.134,4,4,0.00,245.74,0.00
104.25.149.153,4,4,0.00,245.83,0.00
104.25.198.150,4,4,0.00,245.83,0.00
172.66.0.48,4,4,0.00,245.85,0.00
104.17.146.14,4,4,0.00,245.85,0.00
104.19.246.190,4,4,0.00,245.85,0.00
172.64.41.224,4,4,0.00,245.90,0.00
104.27.50.251,4,4,0.00,245.93,0.00
104.17.4.109,4,4,0.00,245.96,0.00
104.17.3.75,4,4,0.00,246.01,0.00
198.41.217.217,4,4,0.00,246.05,0.00
104.20.245.68,4,4,0.00,246.21,0.00
104.20.64.23,4,4,0.00,246.36,0.00
104.25.87.215,4,4,0.00,246.41,0.00
104.27.105.175,4,4,0.00,246.56,0.00
162.159.248.198,4,4,0.00,246.73,0.00
172.67.3.246,4,4,0.00,246.77,0.00
104.18.153.206,4,4,0.00,246.79,0.00
104.27.73.34,4,4,0.00,246.85,0.00
172.64.154.83,4,4,0.00,246.86,0.00
104.27.104.107,4,4,0.00,246.92,0.00
104.25.131.189,4,4,0.00,246.94,0.00
104.17.196.10,4,4,0.00,246.96,0.00
104.24.51.50,4,4,0.00,246.97,0.00
104.19.20.57,4,4,0.00,247.08,0.00
172.66.44.242,4,4,0.00,247.12,0.00
172.67.29.0,4,4,0.00,247.27,0.00
104.27.58.58,4,4,0.00,247.34,0.00
104.18.224.5,4,4,0.00,247.48,0.00
104.26.7.190,4,4,0.00,247.49,0.00
104.24.36.90,4,4,0.00,247.62,0.00
104.20.98.216,4,4,0.00,247.78,0.00
104.18.44.12,4,4,0.00,248.00,0.00
172.67.92.191,4,4,0.00,248.26,0.00
104.27.107.53,4,4,0.00,248.61,0.00
172.66.170.69,4,4,0.00,248.67,0.00
173.245.49.94,4,4,0.00,248.78,0.00
104.24.192.143,4,4,0.00,248.81,0.00
162.159.197.185,4,4,0.00,248.89,0.00
104.18.43.82,4,4,0.00,248.99,0.00
172.66.161.218,4,4,0.00,249.06,0.00
104.20.206.193,4,4,0.00,249.17,0.00
104.16.90.185,4,4,0.00,249.17,0.00
104.27.31.114,4,4,0.00,249.47,0.00
104.17.36.130,4,4,0.00,249.49,0.00
104.16.17.189,4,4,0.00,249.50,0.00
104.20.55.182,4,4,0.00,249.55,0.00
104.19.214.185,4,4,0.00,249.70,0.00
104.18.182.248,4,4,0.00,249.70,0.00
104.27.86.142,4,4,0.00,249.72,0.00
104.16.97.29,4,4,0.00,249.93,0.00
172.67.96.9,4,4,0.00,250.03,0.00
104.27.8.93,4,4,0.00,250.05,0.00
104.19.47.80,4,4,0.00,250.09,0.00
104.20.141.119,4,4,0.00,250.14,0.00
172.66.214.21,4,4,0.00,250.26,0.00
104.17.229.126,4,4,0.00,250.29,0.00
104.25.38.219,4,4,0.00,250.35,0.00
104.27.97.235,4,4,0.00,250.41,0.00
104.27.57.52,4,4,0.00,250.49,0.00
172.67.22.15,4,4,0.00,250.80,0.00
104.20.212.196,4,4,0.00,250.84,0.00
104.17.224.120,4,4,0.00,250.89,0.00
104.19.134.96,4,4,0.00,251.12,0.00
104.19.242.191,4,4,0.00,251.16,0.00
104.19.31.112,4,4,0.00,251.26,0.00
104.27.90.52,4,4,0.00,251.33,0.00
172.67.16.211,4,4,0.00,251.36,0.00
172.67.113.39,4,4,0.00,251.49,0.00
172.66.202.144,4,4,0.00,251.51,0.00
104.27.95.63,4,4,0.00,251.54,0.00
172.65.90.20,4,4,0.00,251.73,0.00
104.27.53.46,4,4,0.00,251.79,0.00
104.20.186.142,4,4,0.00,251.85,0.00
104.19.233.209,4,4,0.00,251.88,0.00
104.19.206.118,4,4,0.00,251.93,0.00
104.24.149.109,4,4,0.00,251.99,0.00
104.17.51.83,4,4,0.00,252.04,0.00
104.27.1.145,4,4,0.00,252.06,0.00
104.20.24.135,4,4,0.00,252.07,0.00
104.18.1.220,4,4,0.00,252.13,0.00
104.18.145.240,4,4,0.00,252.17,0.00
104.20.188.189,4,4,0.00,252.19,0.00
104.20.25.192,4,4,0.00,252.36,0.00
104.22.17.145,4,4,0.00,252.37,0.00
162.159.41.43,4,4,0.00,252.51,0.00
104.24.160.134,4,4,0.00,252.61,0.00
104.22.8.115,4,4,0.00,252.66,0.00
172.66.196.232,4,4,0.00,252.75,0.00
104.19.123.191,4,4,0.00,252.81,0.00
172.64.101.167,4,4,0.00,252.88,0.00
104.27.47.100,4,4,0.00,252.98,0.00
104.27.45.162,4,4,0.00,253.10,0.00
104.20.58.129,4,4,0.00,253.12,0.00
104.24.20.76,4,4,0.00,253.20,0.00
104.17.20.194,4,4,0.00,253.45,0.00
162.159.249.88,4,4,0.00,253.58,0.00
104.19.244.25,4,4,0.00,253.63,0.00
104.26.9.87,4,4,0.00,253.72,0.00
104.19.77.216,4,4,0.00,253.72,0.00
104.17.197.126,4,4,0.00,253.73,0.00
104.19.252.92,4,4,0.00,253.76,0.00
172.66.172.26,4,4,0.00,253.87,0.00
104.23.121.69,4,4,0.00,253.91,0.00
104.27.54.149,4,4,0.00,253.93,0.00
104.27.84.109,4,4,0.00,254.16,0.00
104.19.108.224,4,4,0.00,254.19,0.00
104.27.13.0,4,4,0.00,254.21,0.00
172.66.3.57,4,4,0.00,254.23,0.00
172.66.212.65,4,4,0.00,254.33,0.00
172.64.164.47,4,4,0.00,254.45,0.00
104.20.138.138,4,4,0.00,254.53,0.00
172.66.217.60,4,4,0.00,254.73,0.00
172.67.60.150,4,4,0.00,254.74,0.00
104.25.170.155,4,4,0.00,254.85,0.00
104.20.19.253,4,4,0.00,255.02,0.00
172.66.193.27,4,4,0.00,255.61,0.00
104.27.93.62,4,4,0.00,255.82,0.00
104.27.72.52,4,4,0.00,255.89,0.00
172.64.200.127,4,4,0.00,255.93,0.00
104.23.107.211,4,4,0.00,256.06,0.00
162.159.45.173,4,4,0.00,256.07,0.00
104.16.56.251,4,4,0.00,256.09,0.00
104.20.81.76,4,4,0.00,256.21,0.00
104.24.177.109,4,4,0.00,256.27,0.00
104.19.151.109,4,4,0.00,256.47,0.00
104.26.2.254,4,4,0.00,256.54,0.00
104.24.157.73,4,4,0.00,256.72,0.00
172.66.136.21,4,4,0.00,256.76,0.00
172.64.42.111,4,4,0.00,257.03,0.00
104.17.18.224,4,4,0.00,257.15,0.00
172.66.153.240,4,4,0.00,257.16,0.00
172.67.51.139,4,4,0.00,257.17,0.00
104.20.167.26,4,4,0.00,257.22,0.00
162.159.21.185,4,4,0.00,257.73,0.00
104.17.103.191,4,4,0.00,257.86,0.00
104.19.97.80,4,4,0.00,257.90,0.00
104.25.18.215,4,4,0.00,258.30,0.00
104.25.187.253,4,4,0.00,258.41,0.00
104.18.110.15,4,4,0.00,258.70,0.00
172.66.147.96,4,4,0.00,258.77,0.00
104.23.120.7,4,4,0.00,258.77,0.00
172.64.104.120,4,4,0.00,258.92,0.00
162.159.25.73,4,4,0.00,258.99,0.00
104.20.44.167,4,4,0.00,259.14,0.00
162.159.137.89,4,4,0.00,259.21,0.00
104.19.253.197,4,4,0.00,259.21,0.00
172.67.71.136,4,4,0.00,259.32,0.00
104.16.82.179,4,4,0.00,259.40,0.00
141.101.113.28,4,4,0.00,259.55,0.00
104.19.117.60,4,4,0.00,259.64,0.00
172.64.147.225,4,4,0.00,259.64,0.00
104.27.83.12,4,4,0.00,259.82,0.00
172.64.92.73,4,4,0.00,259.87,0.00
104.20.154.33,4,4,0.00,259.89,0.00
104.19.68.246,4,4,0.00,259.90,0.00
172.66.158.207,4,4,0.00,260.07,0.00
104.19.49.224,4,4,0.00,260.36,0.00
172.66.152.91,4,4,0.00,260.53,0.00
104.16.126.42,4,4,0.00,260.54,0.00
104.19.100.214,4,4,0.00,260.57,0.00
172.64.144.161,4,4,0.00,260.88,0.00
104.19.70.165,4,4,0.00,261.11,0.00
104.27.122.246,4,4,0.00,261.20,0.00
104.23.118.125,4,4,0.00,261.42,0.00
172.64.207.108,4,4,0.00,261.45,0.00
198.41.202.25,4,4,0.00,262.20,0.00
104.27.38.216,4,4,0.00,262.42,0.00
104.20.131.130,4,4,0.00,262.50,0.00
104.25.176.176,4,4,0.00,262.67,0.00
104.21.235.254,4,4,0.00,262.76,0.00
172.66.160.181,4,4,0.00,262.79,0.00
172.66.42.30,4,4,0.00,262.90,0.00
104.24.130.37,4,4,0.00,262.91,0.00
104.24.144.151,4,4,0.00,262.92,0.00
104.19.64.151,4,4,0.00,262.99,0.00
104.19.104.226,4,4,0.00,263.05,0.00
104.19.43.113,4,4,0.00,263.14,0.00
172.67.27.113,4,4,0.00,263.19,0.00
104.24.161.114,4,4,0.00,263.27,0.00
172.66.142.222,4,4,0.00,263.31,0.00
172.66.199.101,4,4,0.00,263.43,0.00
172.64.150.145,4,4,0.00,263.45,0.00
104.19.16.249,4,4,0.00,263.53,0.00
104.20.70.247,4,4,0.00,263.56,0.00
198.41.203.185,4,4,0.00,263.60,0.00
104.19.53.187,4,4,0.00,263.85,0.00
172.66.2.90,4,4,0.00,263.89,0.00
104.20.62.37,4,4,0.00,263.89,0.00
172.64.155.237,4,4,0.00,263.92,0.00
172.64.202.115,4,4,0.00,264.08,0.00
104.19.44.199,4,4,0.00,264.10,0.00
104.19.35.93,4,4,0.00,264.10,0.00
172.64.69.123,4,4,0.00,264.14,0.00
104.20.109.154,4,4,0.00,264.33,0.00
172.64.143.91,4,4,0.00,264.46,0.00
104.20.40.82,4,4,0.00,264.47,0.00
198.41.197.165,4,4,0.00,264.52,0.00
104.19.33.39,4,4,0.00,264.54,0.00
104.20.61.5,4,4,0.00,264.68,0.00
162.159.252.22,4,4,0.00,264.73,0.00
198.41.196.163,4,4,0.00,264.85,0.00
172.64.53.75,4,4,0.00,264.95,0.00
172.64.131.125,4,4,0.00,264.97,0.00
104.24.86.156,4,4,0.00,265.32,0.00
104.20.190.245,4,4,0.00,265.35,0.00
104.17.133.191,4,4,0.00,265.38,0.00
104.20.105.223,4,4,0.00,265.45,0.00
104.27.39.33,4,4,0.00,265.50,0.00
172.64.172.135,4,4,0.00,265.64,0.00
172.64.198.151,4,4,0.00,265.65,0.00
104.20.54.172,4,4,0.00,265.65,0.00
104.17.145.222,4,4,0.00,265.68,0.00
104.19.51.68,4,4,0.00,265.69,0.00
172.64.106.75,4,4,0.00,265.71,0.00
104.27.28.127,4,4,0.00,265.77,0.00
104.19.45.90,4,4,0.00,265.89,0.00
172.64.231.38,4,4,0.00,265.91,0.00
104.20.77.62,4,4,0.00,265.97,0.00
104.27.49.156,4,4,0.00,266.11,0.00
104.20.255.85,4,4,0.00,266.11,0.00
104.25.104.73,4,4,0.00,266.31,0.00
104.20.199.25,4,4,0.00,266.45,0.00
104.20.107.19,4,4,0.00,266.47,0.00
172.66.155.112,4,4,0.00,266.69,0.00
104.20.153.41,4,4,0.00,266.73,0.00
104.18.2.80,4,4,0.00,266.80,0.00
104.20.49.127,4,4,0.00,266.95,0.00
172.66.141.3,4,4,0.00,267.02,0.00
104.19.48.129,4,4,0.00,267.09,0.00
172.64.192.145,4,4,0.00,267.12,0.00
104.27.26.195,4,4,0.00,267.18,0.00
104.20.234.237,4,4,0.00,267.33,0.00
162.159.251.172,4,4,0.00,267.43,0.00
162.159.250.132,4,4,0.00,267.51,0.00
104.19.28.95,4,4,0.00,267.71,0.00
172.64.38.201,4,4,0.00,267.75,0.00
104.24.129.98,4,4,0.00,267.92,0.00
104.16.2.34,4,4,0.00,267.95,0.00
104.25.196.200,4,4,0.00,267.96,0.00
172.64.168.244,4,4,0.00,268.05,0.00
104.27.64.144,4,4,0.00,268.25,0.00
104.20.20.222,4,4,0.00,268.41,0.00
104.27.34.176,4,4,0.00,268.55,0.00
104.24.211.13,4,4,0.00,268.56,0.00
104.25.185.180,4,4,0.00,268.59,0.00
172.67.102.212,4,4,0.00,268.64,0.00
172.66.157.243,4,4,0.00,269.01,0.00
104.17.154.171,4,4,0.00,269.09,0.00
104.24.235.74,4,4,0.00,269.14,0.00
104.22.57.188,4,4,0.00,269.24,0.00
104.16.5.210,4,4,0.00,269.30,0.00
172.64.85.199,4,4,0.00,269.34,0.00
172.64.196.80,4,4,0.00,269.42,0.00
104.25.228.8,4,4,0.00,269.46,0.00
104.27.12.159,4,4,0.00,269.51,0.00
104.20.165.246,4,4,0.00,269.60,0.00
104.25.62.214,4,4,0.00,269.63,0.00
104.19.195.39,4,4,0.00,269.69,0.00
104.20.233.160,4,4,0.00,269.69,0.00
104.20.127.63,4,4,0.00,269.94,0.00
104.24.176.189,4,4,0.00,270.05,0.00
104.24.169.118,4,4,0.00,270.13,0.00
172.64.87.94,4,4,0.00,270.28,0.00
104.20.211.222,4,4,0.00,270.30,0.00
162.159.160.193,4,4,0.00,270.68,0.00
104.25.132.192,4,4,0.00,270.74,0.00
104.19.198.52,4,4,0.00,270.93,0.00
104.19.29.186,4,4,0.00,270.98,0.00
104.19.7.250,4,4,0.00,271.02,0.00
172.64.148.172,4,4,0.00,271.12,0.00
104.18.37.137,4,4,0.00,271.18,0.00
104.27.20.236,4,4,0.00,271.35,0.00
172.64.129.219,4,4,0.00,271.59,0.00
104.24.92.124,4,4,0.00,271.62,0.00
172.67.107.47,4,4,0.00,271.73,0.00
172.67.73.204,4,4,0.00,272.13,0.00
104.25.71.141,4,4,0.00,272.39,0.00
104.24.186.188,4,4,0.00,272.39,0.00
162.159.24.30,4,4,0.00,272.69,0.00
172.66.128.54,4,4,0.00,272.75,0.00
104.22.69.224,4,4,0.00,272.97,0.00
162.159.1.252,4,4,0.00,273.00,0.00
104.20.66.235,4,4,0.00,273.01,0.00
172.64.230.213,4,4,0.00,273.02,0.00
172.64.95.104,4,4,0.00,273.18,0.00
104.27.70.6,4,4,0.00,273.23,0.00
172.66.164.156,4,4,0.00,273.26,0.00
104.22.26.146,4,4,0.00,273.42,0.00
104.25.140.223,4,4,0.00,273.53,0.00
104.20.221.76,4,4,0.00,273.84,0.00
104.24.252.231,4,4,0.00,273.97,0.00
104.24.44.110,4,4,0.00,273.98,0.00
104.20.252.142,4,4,0.00,273.98,0.00
104.25.154.197,4,4,0.00,274.04,0.00
104.18.34.197,4,4,0.00,274.11,0.00
104.22.63.200,4,4,0.00,274.35,0.00
104.20.246.19,4,4,0.00,274.42,0.00
104.24.239.77,4,4,0.00,274.60,0.00
104.25.44.50,4,4,0.00,274.62,0.00
104.25.238.197,4,4,0.00,274.68,0.00
104.24.241.143,4,4,0.00,274.82,0.00
104.24.217.30,4,4,0.00,274.84,0.00
104.25.92.128,4,4,0.00,274.90,0.00
104.22.1.233,4,4,0.00,275.09,0.00
104.25.11.91,4,4,0.00,275.34,0.00
104.18.25.128,4,4,0.00,275.56,0.00
172.66.176.240,4,4,0.00,275.67,0.00
172.64.199.150,4,4,0.00,275.76,0.00
162.159.80.173,4,4,0.00,275.81,0.00
104.24.90.29,4,4,0.00,275.96,0.00
104.24.62.19,4,4,0.00,275.97,0.00
104.24.58.50,4,4,0.00,276.00,0.00
162.159.253.134,4,4,0.00,276.15,0.00
172.67.226.232,4,4,0.00,276.27,0.00
104.25.234.127,4,4,0.00,276.28,0.00
104.22.25.226,4,4,0.00,276.33,0.00
104.22.9.243,4,4,0.00,276.53,0.00
104.25.129.110,4,4,0.00,276.54,0.00
104.20.121.216,4,4,0.00,276.76,0.00
104.25.247.103,4,4,0.00,276.92,0.00
104.18.28.13,4,4,0.00,277.07,0.00
173.245.58.109,4,4,0.00,277.08,0.00
104.19.204.200,4,4,0.00,277.08,0.00
104.25.25.177,4,4,0.00,277.09,0.00
172.64.83.166,4,4,0.00,277.26,0.00
104.24.245.194,4,4,0.00,277.30,0.00
104.24.6.250,4,4,0.00,277.45,0.00
104.24.183.159,4,4,0.00,277.75,0.00
172.66.162.126,4,4,0.00,277.80,0.00
104.25.225.240,4,4,0.00,278.08,0.00
104.25.174.10,4,4,0.00,278.14,0.00
104.23.114.30,4,4,0.00,278.19,0.00
172.67.25.163,4,4,0.00,278.21,0.00
141.101.123.63,4,4,0.00,278.53,0.00
104.24.231.125,4,4,0.00,278.64,0.00
104.24.18.254,4,4,0.00,278.70,0.00
108.162.195.17,4,4,0.00,278.86,0.00
104.17.88.149,4,4,0.00,278.92,0.00
104.24.84.97,4,4,0.00,279.63,0.00
104.16.6.73,4,4,0.00,279.63,0.00
104.24.29.243,4,4,0.00,279.80,0.00
104.27.51.92,4,4,0.00,279.89,0.00
104.25.197.252,4,4,0.00,279.93,0.00
172.67.26.34,4,4,0.00,279.94,0.00
172.66.207.139,4,4,0.00,280.17,0.00
104.24.233.3,4,4,0.00,280.26,0.00
104.25.139.233,4,4,0.00,280.32,0.00
104.24.61.81,4,4,0.00,280.46,0.00
162.159.12.71,4,4,0.00,280.47,0.00
104.20.231.10,4,4,0.00,280.55,0.00
104.24.1.20,4,4,0.00,280.58,0.00
104.24.200.56,4,4,0.00,280.64,0.00
104.22.27.56,4,4,0.00,280.67,0.00
104.25.212.71,4,4,0.00,280.69,0.00
172.66.174.97,4,4,0.00,280.79,0.00
104.24.253.131,4,4,0.00,280.83,0.00
104.18.242.104,4,4,0.00,280.89,0.00
104.20.2.93,4,4,0.00,281.06,0.00
104.22.47.19,4,4,0.00,281.57,0.00
104.25.246.78,4,4,0.00,281.81,0.00
172.67.20.132,4,4,0.00,281.91,0.00
104.24.71.111,4,4,0.00,282.04,0.00
104.18.185.118,4,4,0.00,282.17,0.00
162.159.3.17,4,4,0.00,282.21,0.00
172.64.229.120,4,4,0.00,282.23,0.00
104.24.12.116,4,4,0.00,282.26,0.00
104.19.196.95,4,4,0.00,282.30,0.00
104.19.55.212,4,4,0.00,282.30,0.00
104.22.21.242,4,4,0.00,282.43,0.00
104.22.4.223,4,4,0.00,282.43,0.00
104.19.83.239,4,4,0.00,282.63,0.00
172.67.38.165,4,4,0.00,282.75,0.00
104.24.59.177,4,4,0.00,282.81,0.00
104.21.25.194,4,4,0.00,282.89,0.00
162.159.133.32,4,4,0.00,282.93,0.00
104.24.24.77,4,4,0.00,283.14,0.00
104.25.26.193,4,4,0.00,283.21,0.00
104.25.72.56,4,4,0.00,283.25,0.00
104.18.31.67,4,4,0.00,283.29,0.00
104.24.16.19,4,4,0.00,283.42,0.00
104.25.137.181,4,4,0.00,283.43,0.00
172.66.154.105,4,4,0.00,283.60,0.00
172.67.70.192,4,4,0.00,283.63,0.00
104.20.14.232,4,4,0.00,283.82,0.00
104.22.39.70,4,4,0.00,283.94,0.00
104.23.98.169,4,4,0.00,284.51,0.00
162.159.240.109,4,4,0.00,284.60,0.00
104.22.65.41,4,4,0.00,284.71,0.00
172.67.48.79,4,4,0.00,284.82,0.00
162.159.60.96,4,4,0.00,284.88,0.00
104.24.50.15,4,4,0.00,284.96,0.00
104.25.230.207,4,4,0.00,285.04,0.00
104.22.73.21,4,4,0.00,285.05,0.00
104.25.65.234,4,4,0.00,285.54,0.00
104.25.239.170,4,4,0.00,285.70,0.00
104.16.155.205,4,4,0.00,286.01,0.00
104.24.173.41,4,4,0.00,286.07,0.00
104.24.174.121,4,4,0.00,286.14,0.00
104.25.116.20,4,4,0.00,286.18,0.00
104.24.39.111,4,4,0.00,286.28,0.00
104.19.66.254,4,4,0.00,286.31,0.00
172.66.46.247,4,4,0.00,286.47,0.00
104.19.124.203,4,4,0.00,286.71,0.00
104.20.230.186,4,4,0.00,286.73,0.00
104.24.219.33,4,4,0.00,286.86,0.00
104.19.118.115,4,4,0.00,286.99,0.00
172.66.209.186,4,4,0.00,287.06,0.00
104.19.37.225,4,4,0.00,287.23,0.00
104.19.197.65,4,4,0.00,287.24,0.00
198.41.198.142,4,4,0.00,287.35,0.00
172.64.84.43,4,4,0.00,287.36,0.00
104.22.5.181,4,4,0.00,287.44,0.00
162.159.20.138,4,4,0.00,287.66,0.00
104.25.4.227,4,4,0.00,287.90,0.00
162.159.26.204,4,4,0.00,287.97,0.00
104.18.33.23,4,4,0.00,288.41,0.00
172.66.163.41,4,4,0.00,288.59,0.00
172.64.109.145,4,4,0.00,288.75,0.00
104.24.151.65,4,4,0.00,288.79,0.00
104.24.34.187,4,4,0.00,289.39,0.00
104.17.30.40,4,4,0.00,289.47,0.00
104.24.43.126,4,4,0.00,289.91,0.00
104.24.154.159,4,4,0.00,290.05,0.00
198.41.207.248,4,4,0.00,290.45,0.00
104.19.122.70,4,4,0.00,290.85,0.00
104.20.238.198,4,4,0.00,291.01,0.00
198.41.200.105,4,4,0.00,291.21,0.00
104.25.240.244,4,4,0.00,291.36,0.00
104.19.94.46,4,4,0.00,291.52,0.00
104.24.193.204,4,4,0.00,291.86,0.00
104.25.32.58,4,4,0.00,292.09,0.00
108.162.192.201,4,4,0.00,292.10,0.00
104.20.133.88,4,4,0.00,292.16,0.00
162.159.48.45,4,4,0.00,292.28,0.00
104.19.106.193,4,4,0.00,292.36,0.00
104.18.22.23,4,4,0.00,292.87,0.00
104.24.178.39,4,4,0.00,292.90,0.00
104.27.121.123,4,4,0.00,292.93,0.00
104.19.84.166,4,4,0.00,293.09,0.00
104.27.198.93,4,4,0.00,293.18,0.00
104.20.160.92,4,4,0.00,293.64,0.00
104.27.91.130,4,4,0.00,293.65,0.00
104.19.10.152,4,4,0.00,293.73,0.00
172.67.119.80,4,4,0.00,293.86,0.00
172.64.94.108,4,4,0.00,294.00,0.00
172.64.157.21,4,4,0.00,294.13,0.00
104.20.223.175,4,4,0.00,294.40,0.00
104.19.125.6,4,4,0.00,294.58,0.00
104.19.18.250,4,4,0.00,294.78,0.00
162.159.38.115,4,4,0.00,294.94,0.00
104.25.233.144,4,4,0.00,295.23,0.00
172.64.50.186,4,4,0.00,295.54,0.00
172.64.167.107,4,4,0.00,295.72,0.00
104.22.46.247,4,4,0.00,295.95,0.00
104.19.90.39,4,4,0.00,296.07,0.00
104.27.92.169,4,4,0.00,296.55,0.00
172.67.57.196,4,4,0.00,296.94,0.00
172.67.169.77,4,4,0.00,296.97,0.00
104.18.35.219,4,4,0.00,297.06,0.00
104.24.10.248,4,4,0.00,297.46,0.00
172.67.83.20,4,4,0.00,297.67,0.00
172.64.88.140,4,4,0.00,297.84,0.00
104.27.3.44,4,4,0.00,297.91,0.00
104.24.75.42,4,4,0.00,297.96,0.00
172.64.145.194,4,4,0.00,298.13,0.00
104.18.172.36,4,4,0.00,298.38,0.00
104.20.240.17,4,4,0.00,298.66,0.00
104.27.99.125,4,4,0.00,298.97,0.00
172.64.108.44,4,4,0.00,299.01,0.00
104.25.231.254,4,4,0.00,299.29,0.00
104.25.249.254,4,4,0.00,299.32,0.00
172.66.138.170,4,4,0.00,299.42,0.00
172.64.48.91,4,4,0.00,299.52,0.00
162.159.141.146,4,4,0.00,299.55,0.00
104.24.64.6,4,4,0.00,299.64,0.00
104.24.133.152,4,4,0.00,299.87,0.00
172.64.40.166,4,4,0.00,299.91,0.00
162.159.23.222,4,4,0.00,300.82,0.00
104.22.48.89,4,4,0.00,300.85,0.00
172.64.137.41,4,4,0.00,302.41,0.00
104.25.232.113,4,4,0.00,302.67,0.00
104.27.115.193,4,4,0.00,302.90,0.00
172.64.232.114,4,4,0.00,303.01,0.00
104.18.16.9,4,4,0.00,303.13,0.00
172.66.208.195,4,4,0.00,303.16,0.00
104.19.152.118,4,4,0.00,303.30,0.00
104.25.184.13,4,4,0.00,303.31,0.00
172.64.197.194,4,4,0.00,303.94,0.00
104.27.15.59,4,4,0.00,304.23,0.00
104.25.57.1,4,4,0.00,305.68,0.00
104.20.137.241,4,4,0.00,306.08,0.00
172.66.144.190,4,4,0.00,306.21,0.00
104.25.145.200,4,4,0.00,306.62,0.00
104.25.189.251,4,4,0.00,306.71,0.00
104.22.7.180,4,4,0.00,306.74,0.00
104.20.202.135,4,4,0.00,307.11,0.00
172.64.158.85,4,4,0.00,307.16,0.00
104.25.74.209,4,4,0.00,307.17,0.00
172.67.65.172,4,4,0.00,307.26,0.00
104.23.97.12,4,4,0.00,307.40,0.00
172.64.102.196,4,4,0.00,307.46,0.00
104.24.205.37,4,4,0.00,307.86,0.00
172.64.169.144,4,4,0.00,308.15,0.00
104.24.23.197,4,4,0.00,308.24,0.00
104.27.33.227,4,4,0.00,308.34,0.00
104.19.71.185,4,4,0.00,309.05,0.00
104.27.32.1,4,4,0.00,309.49,0.00
104.25.158.33,4,4,0.00,309.60,0.00
172.67.64.232,4,4,0.00,309.95,0.00
104.24.27.125,4,4,0.00,310.30,0.00
104.27.113.203,4,4,0.00,310.65,0.00
104.27.60.114,4,4,0.00,310.81,0.00
104.27.37.34,4,4,0.00,310.99,0.00
104.24.191.244,4,4,0.00,311.03,0.00
104.24.131.79,4,4,0.00,311.54,0.00
172.66.150.185,4,4,0.00,311.93,0.00
104.24.19.54,4,4,0.00,312.62,0.00
104.20.248.10,4,4,0.00,312.66,0.00
172.64.81.178,4,4,0.00,312.66,0.00
104.25.36.236,4,4,0.00,313.57,0.00
162.159.243.139,4,4,0.00,313.82,0.00
104.25.31.247,4,4,0.00,313.91,0.00
104.25.159.65,4,4,0.00,313.94,0.00
104.24.81.173,4,4,0.00,314.50,0.00
104.25.27.195,4,4,0.00,314.77,0.00
104.19.41.243,4,4,0.00,314.98,0.00
172.64.128.44,4,4,0.00,314.99,0.00
104.20.149.134,4,4,0.00,315.12,0.00
104.27.24.154,4,4,0.00,315.15,0.00
104.19.14.208,4,4,0.00,315.26,0.00
104.22.36.176,4,4,0.00,315.44,0.00
162.159.32.174,4,4,0.00,315.44,0.00
172.67.155.22,4,4,0.00,315.60,0.00
104.25.29.214,4,4,0.00,315.68,0.00
104.22.50.75,4,4,0.00,316.40,0.00
104.27.125.110,4,4,0.00,316.76,0.00
104.27.110.248,4,4,0.00,317.37,0.00
104.18.30.200,4,4,0.00,318.21,0.00
104.27.23.49,4,4,0.00,318.68,0.00
104.20.145.83,4,4,0.00,318.84,0.00
104.31.16.10,4,4,0.00,319.48,0.00
104.24.213.210,4,4,0.00,319.99,0.00
172.67.205.10,4,4,0.00,321.83,0.00
104.25.144.35,4,4,0.00,322.94,0.00
104.27.200.66,4,4,0.00,323.51,0.00
104.25.122.159,4,4,0.00,323.59,0.00
104.24.52.156,4,4,0.00,324.09,0.00
104.17.127.182,4,4,0.00,324.96,0.00
104.16.103.76,4,4,0.00,324.97,0.00
104.19.40.74,4,4,0.00,325.71,0.00
104.19.96.99,4,4,0.00,325.74,0.00
104.24.88.23,4,4,0.00,325.99,0.00
172.66.171.143,4,4,0.00,326.35,0.00
104.25.21.176,4,4,0.00,326.54,0.00
104.21.8.156,4,4,0.00,326.90,0.00
104.16.36.17,4,4,0.00,327.69,0.00
172.64.140.109,4,4,0.00,327.89,0.00
104.25.130.163,4,4,0.00,328.04,0.00
104.16.153.228,4,4,0.00,328.43,0.00
172.66.173.246,4,4,0.00,328.59,0.00
104.19.101.246,4,4,0.00,328.66,0.00
198.41.205.127,4,4,0.00,329.45,0.00
104.18.252.9,4,4,0.00,330.75,0.00
162.159.33.52,4,4,0.00,333.00,0.00
104.27.195.12,4,4,0.00,333.62,0.00
198.41.209.192,4,4,0.00,334.11,0.00
172.64.97.94,4,4,0.00,334.26,0.00
104.19.115.240,4,4,0.00,336.57,0.00
172.67.35.170,4,4,0.00,337.91,0.00
172.67.137.27,4,4,0.00,338.21,0.00
104.25.2.65,4,4,0.00,339.25,0.00
162.159.81.125,4,4,0.00,340.42,0.00
104.20.106.247,4,4,0.00,340.98,0.00
104.25.172.98,4,4,0.00,341.09,0.00
104.27.7.42,4,4,0.00,341.21,0.00
162.159.245.66,4,4,0.00,341.94,0.00
104.27.75.168,4,4,0.00,342.62,0.00
104.24.74.29,4,4,0.00,343.03,0.00
198.41.195.91,4,4,0.00,343.14,0.00
198.41.218.93,4,4,0.00,343.16,0.00
104.19.199.204,4,4,0.00,343.24,0.00
162.159.138.43,4,4,0.00,343.52,0.00
104.25.152.130,4,4,0.00,344.17,0.00
188.114.99.108,4,4,0.00,344.30,0.00
104.20.169.193,4,4,0.00,344.38,0.00
104.26.12.5,4,4,0.00,344.70,0.00
104.20.164.104,4,4,0.00,346.52,0.00
104.21.0.103,4,4,0.00,346.58,0.00
104.24.240.162,4,4,0.00,347.30,0.00
172.64.138.215,4,4,0.00,347.36,0.00
104.17.173.221,4,4,0.00,347.83,0.00
104.24.204.207,4,4,0.00,348.28,0.00
104.20.83.17,4,4,0.00,348.44,0.00
104.24.210.41,4,4,0.00,349.18,0.00
162.159.46.125,4,4,0.00,351.37,0.00
104.27.192.121,4,4,0.00,356.09,0.00
162.159.129.157,4,4,0.00,356.78,0.00
162.159.196.122,4,4,0.00,358.02,0.00
104.21.44.38,4,4,0.00,359.88,0.00
104.27.201.47,4,4,0.00,360.01,0.00
104.16.43.177,4,4,0.00,362.55,0.00
104.18.55.95,4,4,0.00,362.63,0.00
172.67.142.163,4,4,0.00,363.21,0.00
104.21.97.183,4,4,0.00,365.66,0.00
172.67.132.237,4,4,0.00,365.99,0.00
172.66.45.39,4,4,0.00,366.07,0.00
162.159.49.183,4,4,0.00,367.79,0.00
104.26.4.186,4,4,0.00,368.13,0.00
104.27.206.118,4,4,0.00,369.49,0.00
104.18.68.51,4,4,0.00,369.66,0.00
104.21.77.73,4,4,0.00,370.44,0.00
104.18.54.6,4,4,0.00,372.44,0.00
172.67.203.124,4,4,0.00,376.69,0.00
162.159.42.198,4,4,0.00,376.71,0.00
104.19.119.210,4,4,0.00,379.25,0.00
104.21.96.19,4,4,0.00,380.93,0.00
104.18.50.156,4,4,0.00,384.33,0.00
104.21.65.20,4,4,0.00,385.06,0.00
104.18.52.244,4,4,0.00,387.96,0.00
104.21.74.192,4,4,0.00,388.52,0.00
104.18.60.155,4,4,0.00,389.10,0.00
198.41.212.95,4,4,0.00,391.11,0.00
172.64.146.180,4,4,0.00,391.45,0.00
104.20.136.224,4,4,0.00,393.05,0.00
104.25.128.223,4,4,0.00,393.27,0.00
104.21.18.251,4,4,0.00,394.72,0.00
172.67.146.89,4,4,0.00,397.70,0.00
172.67.179.248,4,4,0.00,398.08,0.00
172.67.177.114,4,4,0.00,399.44,0.00
104.21.52.23,4,4,0.00,400.13,0.00
104.25.216.106,4,4,0.00,401.00,0.00
172.67.235.80,4,4,0.00,401.88,0.00
104.22.49.190,4,4,0.00,402.03,0.00
172.67.11.199,4,4,0.00,402.35,0.00
104.27.207.183,4,4,0.00,402.41,0.00
104.27.204.214,4,4,0.00,403.45,0.00
104.27.71.54,4,4,0.00,406.40,0.00
104.20.235.134,4,4,0.00,406.87,0.00
104.21.124.206,4,4,0.00,407.09,0.00
104.19.50.27,4,4,0.00,407.21,0.00
162.159.43.223,4,4,0.00,408.93,0.00
104.27.203.241,4,4,0.00,409.37,0.00
104.19.38.27,4,4,0.00,410.73,0.00
172.67.175.13,4,4,0.00,411.10,0.00
172.67.77.65,4,4,0.00,412.56,0.00
104.27.194.238,4,4,0.00,412.59,0.00
104.27.85.42,4,4,0.00,413.36,0.00
172.67.139.253,4,4,0.00,414.10,0.00
104.21.27.205,4,4,0.00,414.12,0.00
172.67.212.119,4,4,0.00,414.35,0.00
172.67.141.75,4,4,0.00,414.51,0.00
104.21.211.104,4,4,0.00,414.88,0.00
172.67.218.68,4,4,0.00,415.29,0.00
104.20.119.35,4,4,0.00,415.37,0.00
172.67.91.200,4,4,0.00,416.36,0.00
104.23.130.148,4,4,0.00,416.37,0.00
104.27.56.226,4,4,0.00,417.38,0.00
104.20.201.33,4,4,0.00,417.72,0.00
172.67.101.247,4,4,0.00,419.06,0.00
172.67.222.159,4,4,0.00,419.11,0.00
104.20.193.175,4,4,0.00,419.68,0.00
104.21.125.243,4,4,0.00,419.76,0.00
104.24.17.229,4,4,0.00,421.52,0.00
104.18.56.87,4,4,0.00,421.68,0.00
104.25.169.253,4,4,0.00,422.05,0.00
172.67.145.117,4,4,0.00,422.22,0.00
172.67.171.92,4,4,0.00,422.33,0.00
172.64.159.246,4,4,0.00,422.34,0.00
172.67.118.36,4,4,0.00,423.45,0.00
104.20.161.143,4,4,0.00,424.12,0.00
104.20.173.190,4,4,0.00,424.19,0.00
104.21.104.187,4,4,0.00,424.37,0.00
104.25.142.100,4,4,0.00,424.51,0.00
172.67.225.251,4,4,0.00,425.06,0.00
104.27.14.10,4,4,0.00,425.09,0.00
172.67.193.19,4,4,0.00,425.50,0.00
104.21.69.129,4,4,0.00,425.83,0.00
104.25.16.156,4,4,0.00,425.99,0.00
172.66.146.51,4,4,0.00,426.10,0.00
162.159.2.40,4,4,0.00,426.35,0.00
104.21.32.51,4,4,0.00,426.67,0.00
104.20.92.21,4,4,0.00,426.69,0.00
104.27.193.125,4,4,0.00,426.85,0.00
162.159.195.218,4,4,0.00,426.96,0.00
104.24.222.201,4,4,0.00,427.32,0.00
104.21.23.217,4,4,0.00,427.37,0.00
104.18.58.221,4,4,0.00,428.15,0.00
104.25.56.18,4,4,0.00,428.24,0.00
104.21.118.111,4,4,0.00,428.47,0.00
172.67.24.168,4,4,0.00,428.57,0.00
104.18.21.1,4,4,0.00,429.00,0.00
172.67.136.165,4,4,0.00,429.27,0.00
172.64.142.138,4,4,0.00,429.46,0.00
104.24.82.251,4,4,0.00,429.50,0.00
104.21.15.219,4,4,0.00,429.57,0.00
104.25.101.43,4,4,0.00,430.25,0.00
104.21.41.64,4,4,0.00,431.47,0.00
104.19.143.41,4,4,0.00,432.38,0.00
104.24.69.246,4,4,0.00,433.09,0.00
104.21.12.187,4,4,0.00,433.23,0.00
172.67.31.166,4,4,0.00,433.44,0.00
104.19.13.11,4,4,0.00,433.72,0.00
104.23.112.81,4,4,0.00,433.72,0.00
162.159.40.50,4,4,0.00,433.82,0.00
104.25.242.91,4,4,0.00,433.84,0.00
104.21.92.165,4,4,0.00,433.86,0.00
104.22.45.147,4,4,0.00,435.39,0.00
104.19.135.32,4,4,0.00,435.97,0.00
104.19.200.194,4,4,0.00,436.08,0.00
104.24.41.211,4,4,0.00,436.19,0.00
104.25.192.199,4,4,0.00,436.25,0.00
104.24.171.186,4,4,0.00,436.80,0.00
104.21.40.55,4,4,0.00,437.86,0.00
104.20.157.108,4,4,0.00,438.21,0.00
104.27.48.52,4,4,0.00,439.18,0.00
172.67.174.254,4,4,0.00,439.46,0.00
104.21.95.147,4,4,0.00,440.15,0.00
172.67.18.58,4,4,0.00,440.27,0.00
104.24.134.4,4,4,0.00,440.62,0.00
104.21.114.123,4,4,0.00,441.33,0.00
173.245.59.30,4,4,0.00,441.79,0.00
104.23.141.71,4,4,0.00,441.82,0.00
172.67.182.249,4,4,0.00,441.88,0.00
104.25.107.55,4,4,0.00,442.68,0.00
104.21.217.35,4,4,0.00,442.71,0.00
104.25.138.137,4,4,0.00,442.86,0.00
104.27.202.87,4,4,0.00,442.96,0.00
104.22.52.48,4,4,0.00,443.05,0.00
172.67.207.65,4,4,0.00,444.05,0.00
172.67.183.63,4,4,0.00,444.18,0.00
104.21.112.207,4,4,0.00,444.42,0.00
172.67.217.230,4,4,0.00,445.12,0.00
104.21.22.131,4,4,0.00,445.35,0.00
172.67.252.28,4,4,0.00,446.55,0.00
104.24.224.68,4,4,0.00,447.03,0.00
104.21.10.219,4,4,0.00,447.21,0.00
104.21.122.208,4,4,0.00,447.72,0.00
104.20.187.13,4,4,0.00,447.75,0.00
104.22.11.179,4,4,0.00,448.92,0.00
172.66.198.8,4,4,0.00,450.17,0.00
104.25.226.140,4,4,0.00,451.09,0.00
172.67.248.102,4,4,0.00,451.44,0.00
104.27.16.125,4,4,0.00,451.50,0.00
104.24.21.105,4,4,0.00,451.51,0.00
104.21.6.223,4,4,0.00,451.51,0.00
172.64.195.42,4,4,0.00,451.58,0.00
141.101.122.90,4,4,0.00,451.61,0.00
104.25.117.124,4,4,0.00,453.03,0.00
172.66.175.49,4,4,0.00,453.10,0.00
172.67.223.52,4,4,0.00,454.11,0.00
104.25.69.1,4,4,0.00,455.41,0.00
104.21.35.176,4,4,0.00,456.22,0.00
104.18.14.202,4,4,0.00,456.36,0.00
104.21.21.250,4,4,0.00,457.03,0.00
104.21.99.212,4,4,0.00,457.26,0.00
104.24.148.47,4,4,0.00,457.88,0.00
104.27.196.9,4,4,0.00,459.13,0.00
104.21.76.225,4,4,0.00,459.92,0.00
172.67.128.204,4,4,0.00,460.85,0.00
172.67.152.184,4,4,0.00,460.87,0.00
104.22.77.228,4,4,0.00,461.98,0.00
104.27.76.15,4,4,0.00,463.37,0.00
172.67.230.173,4,4,0.00,463.59,0.00
104.21.119.102,4,4,0.00,464.34,0.00
104.21.79.89,4,4,0.00,464.43,0.00
104.21.208.111,4,4,0.00,465.04,0.00
104.21.20.176,4,4,0.00,465.04,0.00
104.21.80.80,4,4,0.00,465.63,0.00
104.20.52.32,4,4,0.00,465.82,0.00
162.159.35.2,4,4,0.00,466.74,0.00
104.21.38.191,4,4,0.00,468.62,0.00
172.64.203.17,4,4,0.00,469.09,0.00
104.21.1.194,4,4,0.00,469.22,0.00
172.67.239.89,4,4,0.00,469.72,0.00
104.22.72.106,4,4,0.00,470.08,0.00
104.21.28.29,4,4,0.00,470.89,0.00
104.21.196.123,4,4,0.00,470.92,0.00
104.21.30.181,4,4,0.00,471.13,0.00
172.64.68.122,4,4,0.00,471.22,0.00
104.23.134.236,4,4,0.00,471.60,0.00
172.67.232.19,4,4,0.00,472.09,0.00
104.21.67.86,4,4,0.00,472.68,0.00
104.21.31.29,4,4,0.00,473.63,0.00
104.19.133.209,4,4,0.00,473.75,0.00
104.21.202.200,4,4,0.00,474.12,0.00
104.27.116.146,4,4,0.00,474.40,0.00
104.18.48.209,4,4,0.00,476.38,0.00
172.67.236.52,4,4,0.00,477.23,0.00
104.18.51.92,4,4,0.00,478.24,0.00
104.27.205.226,4,4,0.00,478.62,0.00
172.67.254.132,4,4,0.00,480.20,0.00
104.21.93.146,4,4,0.00,480.83,0.00
172.67.143.184,4,4,0.00,481.68,0.00
104.25.211.208,4,4,0.00,482.61,0.00
172.66.130.26,4,4,0.00,483.58,0.00
104.21.106.223,4,4,0.00,484.36,0.00
172.67.229.124,4,4,0.00,485.05,0.00
172.67.178.231,4,4,0.00,485.29,0.00
104.26.3.161,4,4,0.00,485.43,0.00
104.21.16.63,4,4,0.00,486.07,0.00
104.21.201.159,4,4,0.00,486.49,0.00
104.21.126.139,4,4,0.00,486.56,0.00
104.23.137.128,4,4,0.00,487.22,0.00
104.21.73.41,4,4,0.00,487.36,0.00
172.66.165.31,4,4,0.00,489.19,0.00
104.21.59.248,4,4,0.00,490.29,0.00
172.67.144.39,4,4,0.00,490.71,0.00
104.21.5.245,4,4,0.00,490.78,0.00
104.21.4.150,4,4,0.00,491.46,0.00
104.21.116.46,4,4,0.00,493.54,0.00
104.21.105.157,4,4,0.00,494.88,0.00
104.20.122.127,4,4,0.00,495.04,0.00
172.67.214.247,4,4,0.00,495.42,0.00
172.67.249.128,4,4,0.00,495.74,0.00
104.18.57.203,4,4,0.00,495.81,0.00
104.19.138.36,4,4,0.00,499.18,0.00
104.27.197.245,4,4,0.00,501.14,0.00
104.18.61.47,4,4,0.00,502.18,0.00
104.21.94.64,4,4,0.00,503.31,0.00
104.19.142.38,4,4,0.00,504.18,0.00
162.159.239.2,4,4,0.00,504.54,0.00
172.67.195.166,4,4,0.00,507.81,0.00
104.21.194.18,4,4,0.00,508.54,0.00
104.21.13.73,4,4,0.00,509.51,0.00
104.23.139.224,4,4,0.00,509.79,0.00
104.23.129.25,4,4,0.00,509.83,0.00
104.27.118.50,4,4,0.00,510.87,0.00
172.64.141.152,4,4,0.00,511.09,0.00
104.25.219.34,4,4,0.00,511.17,0.00
172.67.198.9,4,4,0.00,511.32,0.00
172.67.149.150,4,4,0.00,511.51,0.00
172.67.247.239,4,4,0.00,512.87,0.00
104.21.206.46,4,4,0.00,513.28,0.00
172.67.238.15,4,4,0.00,515.33,0.00
172.67.140.87,4,4,0.00,516.66,0.00
104.20.95.113,4,4,0.00,516.69,0.00
104.17.139.62,4,4,0.00,518.45,0.00
104.21.91.127,4,4,0.00,519.88,0.00
141.101.121.122,4,4,0.00,520.24,0.00
104.23.143.220,4,4,0.00,523.66,0.00
172.67.215.125,4,4,0.00,523.86,0.00
172.67.185.17,4,4,0.00,524.13,0.00
172.67.156.224,4,4,0.00,524.72,0.00
104.20.146.77,4,4,0.00,524.84,0.00
104.21.60.45,4,4,0.00,525.22,0.00
172.66.169.33,4,4,0.00,526.13,0.00
172.67.134.237,4,4,0.00,527.77,0.00
104.21.199.169,4,4,0.00,530.77,0.00
104.27.2.65,4,4,0.00,531.45,0.00
104.21.123.88,4,4,0.00,532.94,0.00
104.18.62.164,4,4,0.00,533.36,0.00
104.18.53.197,4,4,0.00,533.77,0.00
104.18.63.73,4,4,0.00,534.50,0.00
172.67.192.201,4,4,0.00,535.88,0.00
162.159.11.167,4,4,0.00,537.80,0.00
104.20.158.205,4,4,0.00,538.32,0.00
104.21.7.145,4,4,0.00,540.24,0.00
172.67.90.137,4,4,0.00,542.45,0.00
104.21.214.94,4,4,0.00,543.84,0.00
104.19.128.55,4,4,0.00,544.96,0.00
104.21.54.9,4,4,0.00,545.70,0.00
104.23.135.125,4,4,0.00,549.50,0.00
104.23.136.224,4,4,0.00,552.00,0.00
104.21.45.142,4,4,0.00,553.27,0.00
104.21.219.211,4,4,0.00,554.79,0.00
172.67.213.9,4,4,0.00,558.06,0.00
104.21.3.68,4,4,0.00,559.23,0.00
104.21.14.225,4,4,0.00,560.24,0.00
104.21.55.24,4,4,0.00,563.91,0.00
104.21.29.221,4,4,0.00,564.94,0.00
104.25.248.98,4,4,0.00,569.05,0.00
104.27.80.245,4,4,0.00,569.99,0.00
172.67.159.247,4,4,0.00,572.54,0.00
104.22.55.165,4,4,0.00,577.26,0.00
172.67.163.120,4,4,0.00,577.66,0.00
104.20.37.90,4,4,0.00,577.69,0.00
104.24.246.251,4,4,0.00,578.08,0.00
172.67.154.189,4,4,0.00,579.95,0.00
104.18.4.206,4,4,0.00,581.67,0.00
104.20.174.228,4,4,0.00,585.81,0.00
172.64.135.160,4,4,0.00,588.11,0.00
104.24.47.64,4,4,0.00,591.38,0.00
104.25.146.56,4,4,0.00,593.11,0.00
104.19.17.222,4,4,0.00,593.51,0.00
104.20.26.152,4,4,0.00,594.26,0.00
104.25.100.219,4,4,0.00,596.37,0.00
104.22.32.30,4,4,0.00,596.92,0.00
104.21.192.252,4,4,0.00,597.48,0.00
